2026-05-25T11:15:08.257778+00:00,0x45a,Standard Frame,Data Frame,0x5a,0x4,0x0,0x43,0x0,0xf,0xf,0xf
2026-05-25T11:15:08.890273+00:00,0x4e0,Standard Frame,Data Frame,0x24,0x0,0x43,0x0,0x0,0x0,0x0,0x0
2026-05-25T11:15:09.257313+00:00,0x45a,Standard Frame,Data Frame,0x5a,0x4,0x0,0x43,0x0,0xf,0xf,0xf
2026-05-25T11:15:09.930455+00:00,0x4e0,Standard Frame,Data Frame,0x24,0x0,0x43,0x0,0x0,0x0,0x0,0x0
2026-05-25T11:15:10.257152+00:00,0x45a,Standard Frame,Data Frame,0x5a,0x4,0x0,0x43,0x0,0xf,0xf,0xf
2026-05-25T11:15:10.969690+00:00,0x4e0,Standard Frame,Data Frame,0x24,0x0,0x43,0x0,0x0,0x0,0x0,0x0
2026-05-25T11:15:11.256845+00:00,0x45a,Standard Frame,Data Frame,0x5a,0x4,0x0,0x43,0x0,0xf,0xf,0xf
2026-05-25T11:15:12.009534+00:00,0x4e0,Standard Frame,Data Frame,0x24,0x0,0x43,0x0,0x0,0x0,0x0,0x0
2026-05-25T11:15:12.256621+00:00,0x45a,Standard Frame,Data Frame,0x5a,0x4,0x0,0x43,0x0,0xf,0xf,0xf
2026-05-25T11:15:13.048892+00:00,0x4e0,Standard Frame,Data Frame,0x24,0x0,0x43,0x0,0x0,0x0,0x0,0x0
2026-05-25T11:15:13.255991+00:00,0x45a,Standard Frame,Data Frame,0x5a,0x4,0x0,0x43,0x0,0xf,0xf,0xf
2026-05-25T11:15:14.088583+00:00,0x4e0,Standard Frame,Data Frame,0x24,0x0,0x43,0x0,0x0,0x0,0x0,0x0
2026-05-25T11:15:14.255808+00:00,0x45a,Standard Frame,Data Frame,0x5a,0x4,0x0,0x43,0x0,0xf,0xf,0xf
2026-05-25T11:15:15.128439+00:00,0x4e0,Standard Frame,Data Frame,0x24,0x0,0x43,0x0,0x0,0x0,0x0,0x0
2026-05-25T11:15:15.255449+00:00,0x45a,Standard Frame,Data Frame,0x5a,0x4,0x0,0x43,0x0,0xf,0xf,0xf
2026-05-25T11:15:16.168002+00:00,0x4e0,Standard Frame,Data Frame,0x24,0x0,0x43,0x0,0x0,0x0,0x0,0x0
2026-05-25T11:15:16.254897+00:00,0x45a,Standard Frame,Data Frame,0x5a,0x4,0x0,0x43,0x0,0xf,0xf,0xf
2026-05-25T11:15:17.207546+00:00,0x4e0,Standard Frame,Data Frame,0x24,0x0,0x43,0x0,0x0,0x0,0x0,0x0
2026-05-25T11:15:17.254490+00:00,0x45a,Standard Frame,Data Frame,0x5a,0x4,0x0,0x43,0x0,0xf,0xf,0xf
2026-05-25T11:15:18.246957+00:00,0x4e0,Standard Frame,Data Frame,0x24,0x0,0x43,0x0,0x0,0x0,0x0,0x0
2026-05-25T11:15:18.253859+00:00,0x45a,Standard Frame,Data Frame,0x5a,0x4,0x0,0x43,0x0,0xf,0xf,0xf
2026-05-25T11:15:19.253625+00:00,0x45a,Standard Frame,Data Frame,0x5a,0x4,0x0,0x43,0x0,0xf,0xf,0xf
2026-05-25T11:15:19.286858+00:00,0x4e0,Standard Frame,Data Frame,0x24,0x0,0x43,0x0,0x0,0x0,0x0,0x0
2026-05-25T11:15:20.253674+00:00,0x45a,Standard Frame,Data Frame,0x5a,0x4,0x0,0x43,0x0,0xf,0xf,0xf
2026-05-25T11:15:20.326410+00:00,0x4e0,Standard Frame,Data Frame,0x24,0x0,0x43,0x0,0x0,0x0,0x0,0x0
2026-05-25T11:15:21.253088+00:00,0x45a,Standard Frame,Data Frame,0x5a,0x4,0x0,0x43,0x0,0xf,0xf,0xf
2026-05-25T11:15:21.366007+00:00,0x4e0,Standard Frame,Data Frame,0x24,0x0,0x43,0x0,0x0,0x0,0x0,0x0
2026-05-25T11:15:22.252740+00:00,0x45a,Standard Frame,Data Frame,0x5a,0x4,0x0,0x43,0x0,0xf,0xf,0xf
2026-05-25T11:15:22.405665+00:00,0x4e0,Standard Frame,Data Frame,0x24,0x0,0x43,0x0,0x0,0x0,0x0,0x0
2026-05-25T11:15:23.252636+00:00,0x45a,Standard Frame,Data Frame,0x5a,0x4,0x0,0x43,0x0,0xf,0xf,0xf
2026-05-25T11:15:23.445529+00:00,0x4e0,Standard Frame,Data Frame,0x24,0x0,0x43,0x0,0x0,0x0,0x0,0x0
2026-05-25T11:15:24.252069+00:00,0x45a,Standard Frame,Data Frame,0x5a,0x4,0x0,0x43,0x0,0xf,0xf,0xf
2026-05-25T11:15:24.485080+00:00,0x4e0,Standard Frame,Data Frame,0x24,0x0,0x43,0x0,0x0,0x0,0x0,0x0
2026-05-25T11:15:25.251341+00:00,0x45a,Standard Frame,Data Frame,0x5a,0x4,0x0,0x43,0x0,0xf,0xf,0xf
2026-05-25T11:15:25.524179+00:00,0x4e0,Standard Frame,Data Frame,0x24,0x0,0x43,0x0,0x0,0x0,0x0,0x0
2026-05-25T11:15:26.251090+00:00,0x45a,Standard Frame,Data Frame,0x5a,0x4,0x0,0x43,0x0,0xf,0xf,0xf
2026-05-25T11:15:26.564101+00:00,0x4e0,Standard Frame,Data Frame,0x24,0x0,0x43,0x0,0x0,0x0,0x0,0x0
2026-05-25T11:15:27.251017+00:00,0x45a,Standard Frame,Data Frame,0x5a,0x4,0x0,0x43,0x0,0xf,0xf,0xf
2026-05-25T11:15:27.603867+00:00,0x4e0,Standard Frame,Data Frame,0x24,0x0,0x43,0x0,0x0,0x0,0x0,0x0
2026-05-25T11:15:28.250680+00:00,0x45a,Standard Frame,Data Frame,0x5a,0x4,0x0,0x43,0x0,0xf,0xf,0xf
2026-05-25T11:15:28.643274+00:00,0x4e0,Standard Frame,Data Frame,0x24,0x0,0x43,0x0,0x0,0x0,0x0,0x0
2026-05-25T11:15:29.250232+00:00,0x45a,Standard Frame,Data Frame,0x5a,0x4,0x0,0x43,0x0,0xf,0xf,0xf
2026-05-25T11:15:29.682796+00:00,0x4e0,Standard Frame,Data Frame,0x24,0x0,0x43,0x0,0x0,0x0,0x0,0x0
2026-05-25T11:15:30.250120+00:00,0x45a,Standard Frame,Data Frame,0x5a,0x4,0x0,0x43,0x0,0xf,0xf,0xf
2026-05-25T11:15:30.723003+00:00,0x4e0,Standard Frame,Data Frame,0x24,0x0,0x43,0x0,0x0,0x0,0x0,0x0
2026-05-25T11:15:31.249649+00:00,0x45a,Standard Frame,Data Frame,0x5a,0x4,0x0,0x43,0x0,0xf,0xf,0xf
2026-05-25T11:15:31.762068+00:00,0x4e0,Standard Frame,Data Frame,0x24,0x0,0x43,0x0,0x0,0x0,0x0,0x0
2026-05-25T11:15:32.249218+00:00,0x45a,Standard Frame,Data Frame,0x5a,0x4,0x0,0x43,0x0,0xf,0xf,0xf
2026-05-25T11:15:32.801616+00:00,0x4e0,Standard Frame,Data Frame,0x24,0x0,0x43,0x0,0x0,0x0,0x0,0x0
2026-05-25T11:15:33.248774+00:00,0x45a,Standard Frame,Data Frame,0x5a,0x4,0x0,0x43,0x0,0xf,0xf,0xf
2026-05-25T11:15:33.841494+00:00,0x4e0,Standard Frame,Data Frame,0x24,0x0,0x43,0x0,0x0,0x0,0x0,0x0
2026-05-25T11:15:34.248653+00:00,0x45a,Standard Frame,Data Frame,0x5a,0x4,0x0,0x43,0x0,0xf,0xf,0xf
2026-05-25T11:15:34.881192+00:00,0x4e0,Standard Frame,Data Frame,0x24,0x0,0x43,0x0,0x0,0x0,0x0,0x0
2026-05-25T11:15:35.248361+00:00,0x45a,Standard Frame,Data Frame,0x5a,0x4,0x0,0x43,0x0,0xf,0xf,0xf
2026-05-25T11:15:35.920779+00:00,0x4e0,Standard Frame,Data Frame,0x24,0x0,0x43,0x0,0x0,0x0,0x0,0x0
2026-05-25T11:15:36.247880+00:00,0x45a,Standard Frame,Data Frame,0x5a,0x4,0x0,0x43,0x0,0xf,0xf,0xf
2026-05-25T11:15:36.960322+00:00,0x4e0,Standard Frame,Data Frame,0x24,0x0,0x43,0x0,0x0,0x0,0x0,0x0
2026-05-25T11:15:37.247532+00:00,0x45a,Standard Frame,Data Frame,0x5a,0x4,0x0,0x43,0x0,0xf,0xf,0xf
2026-05-25T11:15:38.000014+00:00,0x4e0,Standard Frame,Data Frame,0x24,0x0,0x43,0x0,0x0,0x0,0x0,0x0
2026-05-25T11:15:38.247053+00:00,0x45a,Standard Frame,Data Frame,0x5a,0x4,0x0,0x43,0x0,0xf,0xf,0xf
2026-05-25T11:15:39.039804+00:00,0x4e0,Standard Frame,Data Frame,0x24,0x0,0x43,0x0,0x0,0x0,0x0,0x0
2026-05-25T11:15:39.246722+00:00,0x45a,Standard Frame,Data Frame,0x5a,0x4,0x0,0x43,0x0,0xf,0xf,0xf
2026-05-25T11:15:40.079087+00:00,0x4e0,Standard Frame,Data Frame,0x24,0x0,0x43,0x0,0x0,0x0,0x0,0x0
2026-05-25T11:15:40.246184+00:00,0x45a,Standard Frame,Data Frame,0x5a,0x4,0x0,0x43,0x0,0xf,0xf,0xf
2026-05-25T11:15:41.118854+00:00,0x4e0,Standard Frame,Data Frame,0x24,0x0,0x43,0x0,0x0,0x0,0x0,0x0
2026-05-25T11:15:41.245997+00:00,0x45a,Standard Frame,Data Frame,0x5a,0x4,0x0,0x43,0x0,0xf,0xf,0xf
2026-05-25T11:15:42.158390+00:00,0x4e0,Standard Frame,Data Frame,0x24,0x0,0x43,0x0,0x0,0x0,0x0,0x0
2026-05-25T11:15:42.245757+00:00,0x45a,Standard Frame,Data Frame,0x5a,0x4,0x0,0x43,0x0,0xf,0xf,0xf
2026-05-25T11:15:43.198262+00:00,0x4e0,Standard Frame,Data Frame,0x24,0x0,0x43,0x0,0x0,0x0,0x0,0x0
2026-05-25T11:15:43.245265+00:00,0x45a,Standard Frame,Data Frame,0x5a,0x4,0x0,0x43,0x0,0xf,0xf,0xf
2026-05-25T11:15:44.237527+00:00,0x4e0,Standard Frame,Data Frame,0x24,0x0,0x43,0x0,0x0,0x0,0x0,0x0
2026-05-25T11:15:44.244789+00:00,0x45a,Standard Frame,Data Frame,0x5a,0x4,0x0,0x43,0x0,0xf,0xf,0xf
2026-05-25T11:15:45.244475+00:00,0x45a,Standard Frame,Data Frame,0x5a,0x4,0x0,0x43,0x0,0xf,0xf,0xf
2026-05-25T11:15:45.277425+00:00,0x4e0,Standard Frame,Data Frame,0x24,0x0,0x43,0x0,0x0,0x0,0x0,0x0
2026-05-25T11:15:46.244129+00:00,0x45a,Standard Frame,Data Frame,0x5a,0x4,0x0,0x43,0x0,0xf,0xf,0xf
2026-05-25T11:15:46.316762+00:00,0x4e0,Standard Frame,Data Frame,0x24,0x0,0x43,0x0,0x0,0x0,0x0,0x0
2026-05-25T11:15:47.243499+00:00,0x45a,Standard Frame,Data Frame,0x5a,0x4,0x0,0x43,0x0,0xf,0xf,0xf
2026-05-25T11:15:47.356819+00:00,0x4e0,Standard Frame,Data Frame,0x24,0x0,0x43,0x0,0x0,0x0,0x0,0x0
2026-05-25T11:15:48.243455+00:00,0x45a,Standard Frame,Data Frame,0x5a,0x4,0x0,0x43,0x0,0xf,0xf,0xf
2026-05-25T11:15:48.395838+00:00,0x4e0,Standard Frame,Data Frame,0x24,0x0,0x43,0x0,0x0,0x0,0x0,0x0
2026-05-25T11:15:49.242779+00:00,0x45a,Standard Frame,Data Frame,0x5a,0x4,0x0,0x43,0x0,0xf,0xf,0xf
2026-05-25T11:15:49.435606+00:00,0x4e0,Standard Frame,Data Frame,0x24,0x0,0x43,0x0,0x0,0x0,0x0,0x0
2026-05-25T11:15:50.242556+00:00,0x45a,Standard Frame,Data Frame,0x5a,0x4,0x0,0x43,0x0,0xf,0xf,0xf
2026-05-25T11:15:50.475558+00:00,0x4e0,Standard Frame,Data Frame,0x24,0x0,0x43,0x0,0x0,0x0,0x0,0x0
2026-05-25T11:15:51.242248+00:00,0x45a,Standard Frame,Data Frame,0x5a,0x4,0x0,0x43,0x0,0xf,0xf,0xf
2026-05-25T11:15:51.515420+00:00,0x4e0,Standard Frame,Data Frame,0x24,0x0,0x43,0x0,0x0,0x0,0x0,0x0
2026-05-25T11:15:52.241858+00:00,0x45a,Standard Frame,Data Frame,0x5a,0x4,0x0,0x43,0x0,0xf,0xf,0xf
2026-05-25T11:15:52.554950+00:00,0x4e0,Standard Frame,Data Frame,0x24,0x0,0x43,0x0,0x0,0x0,0x0,0x0
2026-05-25T11:15:53.241438+00:00,0x45a,Standard Frame,Data Frame,0x5a,0x4,0x0,0x43,0x0,0xf,0xf,0xf
2026-05-25T11:15:53.594544+00:00,0x4e0,Standard Frame,Data Frame,0x24,0x0,0x43,0x0,0x0,0x0,0x0,0x0
2026-05-25T11:15:54.241119+00:00,0x45a,Standard Frame,Data Frame,0x5a,0x4,0x0,0x43,0x0,0xf,0xf,0xf
2026-05-25T11:15:54.633861+00:00,0x4e0,Standard Frame,Data Frame,0x24,0x0,0x43,0x0,0x0,0x0,0x0,0x0
2026-05-25T11:15:55.240531+00:00,0x45a,Standard Frame,Data Frame,0x5a,0x4,0x0,0x43,0x0,0xf,0xf,0xf
2026-05-25T11:15:55.673843+00:00,0x4e0,Standard Frame,Data Frame,0x24,0x0,0x43,0x0,0x0,0x0,0x0,0x0
2026-05-25T11:15:56.240416+00:00,0x45a,Standard Frame,Data Frame,0x5a,0x4,0x0,0x43,0x0,0xf,0xf,0xf
2026-05-25T11:15:56.713276+00:00,0x4e0,Standard Frame,Data Frame,0x24,0x0,0x43,0x0,0x0,0x0,0x0,0x0
2026-05-25T11:15:57.239825+00:00,0x45a,Standard Frame,Data Frame,0x5a,0x4,0x0,0x43,0x0,0xf,0xf,0xf
2026-05-25T11:15:57.752794+00:00,0x4e0,Standard Frame,Data Frame,0x24,0x0,0x43,0x0,0x0,0x0,0x0,0x0
2026-05-25T11:15:58.239561+00:00,0x45a,Standard Frame,Data Frame,0x5a,0x4,0x0,0x43,0x0,0xf,0xf,0xf
2026-05-25T11:15:58.792452+00:00,0x4e0,Standard Frame,Data Frame,0x24,0x0,0x43,0x0,0x0,0x0,0x0,0x0
2026-05-25T11:15:59.239315+00:00,0x45a,Standard Frame,Data Frame,0x5a,0x4,0x0,0x43,0x0,0xf,0xf,0xf
2026-05-25T11:15:59.832073+00:00,0x4e0,Standard Frame,Data Frame,0x24,0x0,0x43,0x0,0x0,0x0,0x0,0x0
2026-05-25T11:16:00.238861+00:00,0x45a,Standard Frame,Data Frame,0x5a,0x4,0x0,0x43,0x0,0xf,0xf,0xf
2026-05-25T11:16:00.871646+00:00,0x4e0,Standard Frame,Data Frame,0x24,0x0,0x43,0x0,0x0,0x0,0x0,0x0
2026-05-25T11:16:01.238546+00:00,0x45a,Standard Frame,Data Frame,0x5a,0x4,0x0,0x43,0x0,0xf,0xf,0xf
2026-05-25T11:16:01.911804+00:00,0x4e0,Standard Frame,Data Frame,0x24,0x0,0x43,0x0,0x0,0x0,0x0,0x0
2026-05-25T11:16:02.238124+00:00,0x45a,Standard Frame,Data Frame,0x5a,0x4,0x0,0x43,0x0,0xf,0xf,0xf
2026-05-25T11:16:02.950853+00:00,0x4e0,Standard Frame,Data Frame,0x24,0x0,0x43,0x0,0x0,0x0,0x0,0x0
2026-05-25T11:16:03.237667+00:00,0x45a,Standard Frame,Data Frame,0x5a,0x4,0x0,0x43,0x0,0xf,0xf,0xf
2026-05-25T11:16:03.990463+00:00,0x4e0,Standard Frame,Data Frame,0x24,0x0,0x43,0x0,0x0,0x0,0x0,0x0
2026-05-25T11:16:04.237457+00:00,0x45a,Standard Frame,Data Frame,0x5a,0x4,0x0,0x43,0x0,0xf,0xf,0xf
2026-05-25T11:16:05.030029+00:00,0x4e0,Standard Frame,Data Frame,0x24,0x0,0x43,0x0,0x0,0x0,0x0,0x0
2026-05-25T11:16:05.237007+00:00,0x45a,Standard Frame,Data Frame,0x5a,0x4,0x0,0x43,0x0,0xf,0xf,0xf
2026-05-25T11:16:06.069846+00:00,0x4e0,Standard Frame,Data Frame,0x24,0x0,0x43,0x0,0x0,0x0,0x0,0x0
2026-05-25T11:16:06.236712+00:00,0x45a,Standard Frame,Data Frame,0x5a,0x4,0x0,0x43,0x0,0xf,0xf,0xf
2026-05-25T11:16:07.109353+00:00,0x4e0,Standard Frame,Data Frame,0x24,0x0,0x43,0x0,0x0,0x0,0x0,0x0
2026-05-25T11:16:07.236408+00:00,0x45a,Standard Frame,Data Frame,0x5a,0x4,0x0,0x43,0x0,0xf,0xf,0xf
2026-05-25T11:16:08.148935+00:00,0x4e0,Standard Frame,Data Frame,0x24,0x0,0x43,0x0,0x0,0x0,0x0,0x0
2026-05-25T11:16:08.235772+00:00,0x45a,Standard Frame,Data Frame,0x5a,0x4,0x0,0x43,0x0,0xf,0xf,0xf
2026-05-25T11:16:09.188689+00:00,0x4e0,Standard Frame,Data Frame,0x24,0x0,0x43,0x0,0x0,0x0,0x0,0x0
2026-05-25T11:16:09.235559+00:00,0x45a,Standard Frame,Data Frame,0x5a,0x4,0x0,0x43,0x0,0xf,0xf,0xf
2026-05-25T11:16:10.228142+00:00,0x4e0,Standard Frame,Data Frame,0x24,0x0,0x43,0x0,0x0,0x0,0x0,0x0
2026-05-25T11:16:10.235013+00:00,0x45a,Standard Frame,Data Frame,0x5a,0x4,0x0,0x43,0x0,0xf,0xf,0xf
2026-05-25T11:16:11.234774+00:00,0x45a,Standard Frame,Data Frame,0x5a,0x4,0x0,0x43,0x0,0xf,0xf,0xf
2026-05-25T11:16:11.267825+00:00,0x4e0,Standard Frame,Data Frame,0x24,0x0,0x43,0x0,0x0,0x0,0x0,0x0
2026-05-25T11:16:12.234370+00:00,0x45a,Standard Frame,Data Frame,0x5a,0x4,0x0,0x43,0x0,0xf,0xf,0xf
2026-05-25T11:16:12.307135+00:00,0x4e0,Standard Frame,Data Frame,0x24,0x0,0x43,0x0,0x0,0x0,0x0,0x0
2026-05-25T11:16:13.234120+00:00,0x45a,Standard Frame,Data Frame,0x5a,0x4,0x0,0x43,0x0,0xf,0xf,0xf
2026-05-25T11:16:13.347002+00:00,0x4e0,Standard Frame,Data Frame,0x24,0x0,0x43,0x0,0x0,0x0,0x0,0x0
2026-05-25T11:16:14.233801+00:00,0x45a,Standard Frame,Data Frame,0x5a,0x4,0x0,0x43,0x0,0xf,0xf,0xf
2026-05-25T11:16:14.386241+00:00,0x4e0,Standard Frame,Data Frame,0x24,0x0,0x43,0x0,0x0,0x0,0x0,0x0
2026-05-25T11:16:15.233455+00:00,0x45a,Standard Frame,Data Frame,0x5a,0x4,0x0,0x43,0x0,0xf,0xf,0xf
2026-05-25T11:16:15.426232+00:00,0x4e0,Standard Frame,Data Frame,0x24,0x0,0x43,0x0,0x0,0x0,0x0,0x0
2026-05-25T11:16:16.232974+00:00,0x45a,Standard Frame,Data Frame,0x5a,0x4,0x0,0x43,0x0,0xf,0xf,0xf
2026-05-25T11:16:16.465911+00:00,0x4e0,Standard Frame,Data Frame,0x24,0x0,0x43,0x0,0x0,0x0,0x0,0x0
2026-05-25T11:16:17.232407+00:00,0x45a,Standard Frame,Data Frame,0x5a,0x4,0x0,0x43,0x0,0xf,0xf,0xf
2026-05-25T11:16:17.505781+00:00,0x4e0,Standard Frame,Data Frame,0x24,0x0,0x43,0x0,0x0,0x0,0x0,0x0
2026-05-25T11:16:18.231976+00:00,0x45a,Standard Frame,Data Frame,0x5a,0x4,0x0,0x43,0x0,0xf,0xf,0xf
2026-05-25T11:16:18.545332+00:00,0x4e0,Standard Frame,Data Frame,0x24,0x0,0x43,0x0,0x0,0x0,0x0,0x0
2026-05-25T11:16:19.231832+00:00,0x45a,Standard Frame,Data Frame,0x5a,0x4,0x0,0x43,0x0,0xf,0xf,0xf
2026-05-25T11:16:19.584790+00:00,0x4e0,Standard Frame,Data Frame,0x24,0x0,0x43,0x0,0x0,0x0,0x0,0x0
2026-05-25T11:16:20.231575+00:00,0x45a,Standard Frame,Data Frame,0x5a,0x4,0x0,0x43,0x0,0xf,0xf,0xf
2026-05-25T11:16:20.624182+00:00,0x4e0,Standard Frame,Data Frame,0x24,0x0,0x43,0x0,0x0,0x0,0x0,0x0
2026-05-25T11:16:21.231404+00:00,0x45a,Standard Frame,Data Frame,0x5a,0x4,0x0,0x43,0x0,0xf,0xf,0xf
2026-05-25T11:16:21.664045+00:00,0x4e0,Standard Frame,Data Frame,0x24,0x0,0x43,0x0,0x0,0x0,0x0,0x0
2026-05-25T11:16:22.231126+00:00,0x45a,Standard Frame,Data Frame,0x5a,0x4,0x0,0x43,0x0,0xf,0xf,0xf
2026-05-25T11:16:22.703873+00:00,0x4e0,Standard Frame,Data Frame,0x24,0x0,0x43,0x0,0x0,0x0,0x0,0x0
2026-05-25T11:16:23.230551+00:00,0x45a,Standard Frame,Data Frame,0x5a,0x4,0x0,0x43,0x0,0xf,0xf,0xf
2026-05-25T11:16:23.742979+00:00,0x4e0,Standard Frame,Data Frame,0x24,0x0,0x43,0x0,0x0,0x0,0x0,0x0
2026-05-25T11:16:24.230110+00:00,0x45a,Standard Frame,Data Frame,0x5a,0x4,0x0,0x43,0x0,0xf,0xf,0xf
2026-05-25T11:16:24.782430+00:00,0x4e0,Standard Frame,Data Frame,0x24,0x0,0x43,0x0,0x0,0x0,0x0,0x0
2026-05-25T11:16:25.229496+00:00,0x45a,Standard Frame,Data Frame,0x5a,0x4,0x0,0x43,0x0,0xf,0xf,0xf
2026-05-25T11:16:25.822115+00:00,0x4e0,Standard Frame,Data Frame,0x24,0x0,0x43,0x0,0x0,0x0,0x0,0x0
2026-05-25T11:16:26.229019+00:00,0x45a,Standard Frame,Data Frame,0x5a,0x4,0x0,0x43,0x0,0xf,0xf,0xf
2026-05-25T11:16:26.861732+00:00,0x4e0,Standard Frame,Data Frame,0x24,0x0,0x43,0x0,0x0,0x0,0x0,0x0
2026-05-25T11:16:27.228969+00:00,0x45a,Standard Frame,Data Frame,0x5a,0x4,0x0,0x43,0x0,0xf,0xf,0xf
2026-05-25T11:16:27.901398+00:00,0x4e0,Standard Frame,Data Frame,0x24,0x0,0x43,0x0,0x0,0x0,0x0,0x0
2026-05-25T11:16:28.228603+00:00,0x45a,Standard Frame,Data Frame,0x5a,0x4,0x0,0x43,0x0,0xf,0xf,0xf
2026-05-25T11:16:28.941169+00:00,0x4e0,Standard Frame,Data Frame,0x24,0x0,0x43,0x0,0x0,0x0,0x0,0x0
2026-05-25T11:16:29.228373+00:00,0x45a,Standard Frame,Data Frame,0x5a,0x4,0x0,0x43,0x0,0xf,0xf,0xf
2026-05-25T11:16:29.980453+00:00,0x4e0,Standard Frame,Data Frame,0x24,0x0,0x43,0x0,0x0,0x0,0x0,0x0
2026-05-25T11:16:30.228075+00:00,0x45a,Standard Frame,Data Frame,0x5a,0x4,0x0,0x43,0x0,0xf,0xf,0xf
2026-05-25T11:16:31.020431+00:00,0x4e0,Standard Frame,Data Frame,0x24,0x0,0x43,0x0,0x0,0x0,0x0,0x0
2026-05-25T11:16:31.227627+00:00,0x45a,Standard Frame,Data Frame,0x5a,0x4,0x0,0x43,0x0,0xf,0xf,0xf
2026-05-25T11:16:32.059798+00:00,0x4e0,Standard Frame,Data Frame,0x24,0x0,0x43,0x0,0x0,0x0,0x0,0x0
2026-05-25T11:16:32.227010+00:00,0x45a,Standard Frame,Data Frame,0x5a,0x4,0x0,0x43,0x0,0xf,0xf,0xf
2026-05-25T11:16:33.099965+00:00,0x4e0,Standard Frame,Data Frame,0x24,0x0,0x43,0x0,0x0,0x0,0x0,0x0
2026-05-25T11:16:33.226930+00:00,0x45a,Standard Frame,Data Frame,0x5a,0x4,0x0,0x43,0x0,0xf,0xf,0xf
2026-05-25T11:16:34.139414+00:00,0x4e0,Standard Frame,Data Frame,0x24,0x0,0x43,0x0,0x0,0x0,0x0,0x0
2026-05-25T11:16:34.226548+00:00,0x45a,Standard Frame,Data Frame,0x5a,0x4,0x0,0x43,0x0,0xf,0xf,0xf
2026-05-25T11:16:35.178572+00:00,0x4e0,Standard Frame,Data Frame,0x24,0x0,0x43,0x0,0x0,0x0,0x0,0x0
2026-05-25T11:16:35.225734+00:00,0x45a,Standard Frame,Data Frame,0x5a,0x4,0x0,0x43,0x0,0xf,0xf,0xf
2026-05-25T11:16:36.218658+00:00,0x4e0,Standard Frame,Data Frame,0x24,0x0,0x43,0x0,0x0,0x0,0x0,0x0
2026-05-25T11:16:36.225471+00:00,0x45a,Standard Frame,Data Frame,0x5a,0x4,0x0,0x43,0x0,0xf,0xf,0xf
2026-05-25T11:16:37.225271+00:00,0x45a,Standard Frame,Data Frame,0x5a,0x4,0x0,0x43,0x0,0xf,0xf,0xf
2026-05-25T11:16:37.258150+00:00,0x4e0,Standard Frame,Data Frame,0x24,0x0,0x43,0x0,0x0,0x0,0x0,0x0
2026-05-25T11:16:38.225049+00:00,0x45a,Standard Frame,Data Frame,0x5a,0x4,0x0,0x43,0x0,0xf,0xf,0xf
2026-05-25T11:16:38.297678+00:00,0x4e0,Standard Frame,Data Frame,0x24,0x0,0x43,0x0,0x0,0x0,0x0,0x0
2026-05-25T11:16:39.224382+00:00,0x45a,Standard Frame,Data Frame,0x5a,0x4,0x0,0x43,0x0,0xf,0xf,0xf
2026-05-25T11:16:39.337076+00:00,0x4e0,Standard Frame,Data Frame,0x24,0x0,0x43,0x0,0x0,0x0,0x0,0x0
2026-05-25T11:16:40.223811+00:00,0x45a,Standard Frame,Data Frame,0x5a,0x4,0x0,0x43,0x0,0xf,0xf,0xf
2026-05-25T11:16:40.376656+00:00,0x4e0,Standard Frame,Data Frame,0x24,0x0,0x43,0x0,0x0,0x0,0x0,0x0
2026-05-25T11:16:41.223655+00:00,0x45a,Standard Frame,Data Frame,0x5a,0x4,0x0,0x43,0x0,0xf,0xf,0xf
2026-05-25T11:16:41.416684+00:00,0x4e0,Standard Frame,Data Frame,0x24,0x0,0x43,0x0,0x0,0x0,0x0,0x0
2026-05-25T11:16:42.223629+00:00,0x45a,Standard Frame,Data Frame,0x5a,0x4,0x0,0x43,0x0,0xf,0xf,0xf
2026-05-25T11:16:42.456477+00:00,0x4e0,Standard Frame,Data Frame,0x24,0x0,0x43,0x0,0x0,0x0,0x0,0x0
2026-05-25T11:16:43.222909+00:00,0x45a,Standard Frame,Data Frame,0x5a,0x4,0x0,0x43,0x0,0xf,0xf,0xf
2026-05-25T11:16:43.495908+00:00,0x4e0,Standard Frame,Data Frame,0x24,0x0,0x43,0x0,0x0,0x0,0x0,0x0
2026-05-25T11:16:44.222468+00:00,0x45a,Standard Frame,Data Frame,0x5a,0x4,0x0,0x43,0x0,0xf,0xf,0xf
2026-05-25T11:16:44.535432+00:00,0x4e0,Standard Frame,Data Frame,0x24,0x0,0x43,0x0,0x0,0x0,0x0,0x0
2026-05-25T11:16:45.221966+00:00,0x45a,Standard Frame,Data Frame,0x5a,0x4,0x0,0x43,0x0,0xf,0xf,0xf
2026-05-25T11:16:45.575092+00:00,0x4e0,Standard Frame,Data Frame,0x24,0x0,0x43,0x0,0x0,0x0,0x0,0x0
2026-05-25T11:16:46.221880+00:00,0x45a,Standard Frame,Data Frame,0x5a,0x4,0x0,0x43,0x0,0xf,0xf,0xf
2026-05-25T11:16:46.614701+00:00,0x4e0,Standard Frame,Data Frame,0x24,0x0,0x43,0x0,0x0,0x0,0x0,0x0
2026-05-25T11:16:47.221274+00:00,0x45a,Standard Frame,Data Frame,0x5a,0x4,0x0,0x43,0x0,0xf,0xf,0xf
2026-05-25T11:16:47.654480+00:00,0x4e0,Standard Frame,Data Frame,0x24,0x0,0x43,0x0,0x0,0x0,0x0,0x0
2026-05-25T11:16:48.220698+00:00,0x45a,Standard Frame,Data Frame,0x5a,0x4,0x0,0x43,0x0,0xf,0xf,0xf
2026-05-25T11:16:48.694004+00:00,0x4e0,Standard Frame,Data Frame,0x24,0x0,0x43,0x0,0x0,0x0,0x0,0x0
2026-05-25T11:16:49.220793+00:00,0x45a,Standard Frame,Data Frame,0x5a,0x4,0x0,0x43,0x0,0xf,0xf,0xf
2026-05-25T11:16:49.733506+00:00,0x4e0,Standard Frame,Data Frame,0x24,0x0,0x43,0x0,0x0,0x0,0x0,0x0
2026-05-25T11:16:50.220129+00:00,0x45a,Standard Frame,Data Frame,0x5a,0x4,0x0,0x43,0x0,0xf,0xf,0xf
2026-05-25T11:16:50.773433+00:00,0x4e0,Standard Frame,Data Frame,0x24,0x0,0x43,0x0,0x0,0x0,0x0,0x0
2026-05-25T11:16:51.219763+00:00,0x45a,Standard Frame,Data Frame,0x5a,0x4,0x0,0x43,0x0,0xf,0xf,0xf
2026-05-25T11:16:51.812900+00:00,0x4e0,Standard Frame,Data Frame,0x24,0x0,0x43,0x0,0x0,0x0,0x0,0x0
2026-05-25T11:16:52.219650+00:00,0x45a,Standard Frame,Data Frame,0x5a,0x4,0x0,0x43,0x0,0xf,0xf,0xf
2026-05-25T11:16:52.852364+00:00,0x4e0,Standard Frame,Data Frame,0x24,0x0,0x43,0x0,0x0,0x0,0x0,0x0
2026-05-25T11:16:53.219361+00:00,0x45a,Standard Frame,Data Frame,0x5a,0x4,0x0,0x43,0x0,0xf,0xf,0xf
2026-05-25T11:16:53.891480+00:00,0x4e0,Standard Frame,Data Frame,0x24,0x0,0x43,0x0,0x0,0x0,0x0,0x0
2026-05-25T11:16:54.218774+00:00,0x45a,Standard Frame,Data Frame,0x5a,0x4,0x0,0x43,0x0,0xf,0xf,0xf
2026-05-25T11:16:54.931545+00:00,0x4e0,Standard Frame,Data Frame,0x24,0x0,0x43,0x0,0x0,0x0,0x0,0x0
2026-05-25T11:16:55.218440+00:00,0x45a,Standard Frame,Data Frame,0x5a,0x4,0x0,0x43,0x0,0xf,0xf,0xf
2026-05-25T11:16:55.970910+00:00,0x4e0,Standard Frame,Data Frame,0x24,0x0,0x43,0x0,0x0,0x0,0x0,0x0
2026-05-25T11:16:56.217933+00:00,0x45a,Standard Frame,Data Frame,0x5a,0x4,0x0,0x43,0x0,0xf,0xf,0xf
2026-05-25T11:16:57.010471+00:00,0x4e0,Standard Frame,Data Frame,0x24,0x0,0x43,0x0,0x0,0x0,0x0,0x0
2026-05-25T11:16:57.217625+00:00,0x45a,Standard Frame,Data Frame,0x5a,0x4,0x0,0x43,0x0,0xf,0xf,0xf
2026-05-25T11:16:58.050328+00:00,0x4e0,Standard Frame,Data Frame,0x24,0x0,0x43,0x0,0x0,0x0,0x0,0x0
2026-05-25T11:16:58.217102+00:00,0x45a,Standard Frame,Data Frame,0x5a,0x4,0x0,0x43,0x0,0xf,0xf,0xf
2026-05-25T11:16:59.090007+00:00,0x4e0,Standard Frame,Data Frame,0x24,0x0,0x43,0x0,0x0,0x0,0x0,0x0
2026-05-25T11:16:59.217127+00:00,0x45a,Standard Frame,Data Frame,0x5a,0x4,0x0,0x43,0x0,0xf,0xf,0xf
2026-05-25T11:17:00.129843+00:00,0x4e0,Standard Frame,Data Frame,0x24,0x0,0x43,0x0,0x0,0x0,0x0,0x0
2026-05-25T11:17:00.216641+00:00,0x45a,Standard Frame,Data Frame,0x5a,0x4,0x0,0x43,0x0,0xf,0xf,0xf
2026-05-25T11:17:01.168867+00:00,0x4e0,Standard Frame,Data Frame,0x24,0x0,0x43,0x0,0x0,0x0,0x0,0x0
2026-05-25T11:17:01.215865+00:00,0x45a,Standard Frame,Data Frame,0x5a,0x4,0x0,0x43,0x0,0xf,0xf,0xf
2026-05-25T11:17:02.208876+00:00,0x4e0,Standard Frame,Data Frame,0x24,0x0,0x43,0x0,0x0,0x0,0x0,0x0
2026-05-25T11:17:02.215620+00:00,0x45a,Standard Frame,Data Frame,0x5a,0x4,0x0,0x43,0x0,0xf,0xf,0xf
2026-05-25T11:17:03.215535+00:00,0x45a,Standard Frame,Data Frame,0x5a,0x4,0x0,0x43,0x0,0xf,0xf,0xf
2026-05-25T11:17:03.248232+00:00,0x4e0,Standard Frame,Data Frame,0x24,0x0,0x43,0x0,0x0,0x0,0x0,0x0
2026-05-25T11:17:04.214981+00:00,0x45a,Standard Frame,Data Frame,0x5a,0x4,0x0,0x43,0x0,0xf,0xf,0xf
2026-05-25T11:17:04.287961+00:00,0x4e0,Standard Frame,Data Frame,0x24,0x0,0x43,0x0,0x0,0x0,0x0,0x0
2026-05-25T11:17:05.214708+00:00,0x45a,Standard Frame,Data Frame,0x5a,0x4,0x0,0x43,0x0,0xf,0xf,0xf
2026-05-25T11:17:05.327426+00:00,0x4e0,Standard Frame,Data Frame,0x24,0x0,0x43,0x0,0x0,0x0,0x0,0x0
2026-05-25T11:17:06.214352+00:00,0x45a,Standard Frame,Data Frame,0x5a,0x4,0x0,0x43,0x0,0xf,0xf,0xf
2026-05-25T11:17:06.366941+00:00,0x4e0,Standard Frame,Data Frame,0x24,0x0,0x43,0x0,0x0,0x0,0x0,0x0
2026-05-25T11:17:07.213767+00:00,0x45a,Standard Frame,Data Frame,0x5a,0x4,0x0,0x43,0x0,0xf,0xf,0xf
2026-05-25T11:17:07.406569+00:00,0x4e0,Standard Frame,Data Frame,0x24,0x0,0x43,0x0,0x0,0x0,0x0,0x0
2026-05-25T11:17:08.214031+00:00,0x45a,Standard Frame,Data Frame,0x5a,0x4,0x0,0x43,0x0,0xf,0xf,0xf
2026-05-25T11:17:08.446436+00:00,0x4e0,Standard Frame,Data Frame,0x24,0x0,0x43,0x0,0x0,0x0,0x0,0x0
2026-05-25T11:17:09.213042+00:00,0x45a,Standard Frame,Data Frame,0x5a,0x4,0x0,0x43,0x0,0xf,0xf,0xf
2026-05-25T11:17:09.485810+00:00,0x4e0,Standard Frame,Data Frame,0x24,0x0,0x43,0x0,0x0,0x0,0x0,0x0
2026-05-25T11:17:10.212769+00:00,0x45a,Standard Frame,Data Frame,0x5a,0x4,0x0,0x43,0x0,0xf,0xf,0xf
2026-05-25T11:17:10.525605+00:00,0x4e0,Standard Frame,Data Frame,0x24,0x0,0x43,0x0,0x0,0x0,0x0,0x0
2026-05-25T11:17:11.212423+00:00,0x45a,Standard Frame,Data Frame,0x5a,0x4,0x0,0x43,0x0,0xf,0xf,0xf
2026-05-25T11:17:11.565166+00:00,0x4e0,Standard Frame,Data Frame,0x24,0x0,0x43,0x0,0x0,0x0,0x0,0x0
2026-05-25T11:17:12.211993+00:00,0x45a,Standard Frame,Data Frame,0x5a,0x4,0x0,0x43,0x0,0xf,0xf,0xf
2026-05-25T11:17:12.604439+00:00,0x4e0,Standard Frame,Data Frame,0x24,0x0,0x43,0x0,0x0,0x0,0x0,0x0
2026-05-25T11:17:13.211711+00:00,0x45a,Standard Frame,Data Frame,0x5a,0x4,0x0,0x43,0x0,0xf,0xf,0xf
2026-05-25T11:17:13.644415+00:00,0x4e0,Standard Frame,Data Frame,0x24,0x0,0x43,0x0,0x0,0x0,0x0,0x0
2026-05-25T11:17:14.211536+00:00,0x45a,Standard Frame,Data Frame,0x5a,0x4,0x0,0x43,0x0,0xf,0xf,0xf
2026-05-25T11:17:14.683898+00:00,0x4e0,Standard Frame,Data Frame,0x24,0x0,0x43,0x0,0x0,0x0,0x0,0x0
2026-05-25T11:17:15.210819+00:00,0x45a,Standard Frame,Data Frame,0x5a,0x4,0x0,0x43,0x0,0xf,0xf,0xf
2026-05-25T11:17:15.723669+00:00,0x4e0,Standard Frame,Data Frame,0x24,0x0,0x43,0x0,0x0,0x0,0x0,0x0
2026-05-25T11:17:16.210367+00:00,0x45a,Standard Frame,Data Frame,0x5a,0x4,0x0,0x43,0x0,0xf,0xf,0xf
2026-05-25T11:17:16.763393+00:00,0x4e0,Standard Frame,Data Frame,0x24,0x0,0x43,0x0,0x0,0x0,0x0,0x0
2026-05-25T11:17:17.209850+00:00,0x45a,Standard Frame,Data Frame,0x5a,0x4,0x0,0x43,0x0,0xf,0xf,0xf
2026-05-25T11:17:17.803009+00:00,0x4e0,Standard Frame,Data Frame,0x24,0x0,0x43,0x0,0x0,0x0,0x0,0x0
2026-05-25T11:17:18.209770+00:00,0x45a,Standard Frame,Data Frame,0x5a,0x4,0x0,0x43,0x0,0xf,0xf,0xf
2026-05-25T11:17:18.842414+00:00,0x4e0,Standard Frame,Data Frame,0x24,0x0,0x43,0x0,0x0,0x0,0x0,0x0
2026-05-25T11:17:19.209444+00:00,0x45a,Standard Frame,Data Frame,0x5a,0x4,0x0,0x43,0x0,0xf,0xf,0xf
2026-05-25T11:17:19.882034+00:00,0x4e0,Standard Frame,Data Frame,0x24,0x0,0x43,0x0,0x0,0x0,0x0,0x0
2026-05-25T11:17:20.208955+00:00,0x45a,Standard Frame,Data Frame,0x5a,0x4,0x0,0x43,0x0,0xf,0xf,0xf
2026-05-25T11:17:20.921947+00:00,0x4e0,Standard Frame,Data Frame,0x24,0x0,0x43,0x0,0x0,0x0,0x0,0x0
2026-05-25T11:17:21.208590+00:00,0x45a,Standard Frame,Data Frame,0x5a,0x4,0x0,0x43,0x0,0xf,0xf,0xf
2026-05-25T11:17:21.961721+00:00,0x4e0,Standard Frame,Data Frame,0x24,0x0,0x43,0x0,0x0,0x0,0x0,0x0
2026-05-25T11:17:22.208419+00:00,0x45a,Standard Frame,Data Frame,0x5a,0x4,0x0,0x43,0x0,0xf,0xf,0xf
2026-05-25T11:17:23.001034+00:00,0x4e0,Standard Frame,Data Frame,0x24,0x0,0x43,0x0,0x0,0x0,0x0,0x0
2026-05-25T11:17:23.207920+00:00,0x45a,Standard Frame,Data Frame,0x5a,0x4,0x0,0x43,0x0,0xf,0xf,0xf
2026-05-25T11:17:24.040447+00:00,0x4e0,Standard Frame,Data Frame,0x24,0x0,0x43,0x0,0x0,0x0,0x0,0x0
2026-05-25T11:17:24.207679+00:00,0x45a,Standard Frame,Data Frame,0x5a,0x4,0x0,0x43,0x0,0xf,0xf,0xf
2026-05-25T11:17:25.079703+00:00,0x4e0,Standard Frame,Data Frame,0x24,0x0,0x43,0x0,0x0,0x0,0x0,0x0
2026-05-25T11:17:25.206849+00:00,0x45a,Standard Frame,Data Frame,0x5a,0x4,0x0,0x43,0x0,0xf,0xf,0xf
2026-05-25T11:17:26.119489+00:00,0x4e0,Standard Frame,Data Frame,0x24,0x0,0x43,0x0,0x0,0x0,0x0,0x0
2026-05-25T11:17:26.206599+00:00,0x45a,Standard Frame,Data Frame,0x5a,0x4,0x0,0x43,0x0,0xf,0xf,0xf
2026-05-25T11:17:27.159722+00:00,0x4e0,Standard Frame,Data Frame,0x24,0x0,0x43,0x0,0x0,0x0,0x0,0x0
2026-05-25T11:17:27.206507+00:00,0x45a,Standard Frame,Data Frame,0x5a,0x4,0x0,0x43,0x0,0xf,0xf,0xf
2026-05-25T11:17:28.199029+00:00,0x4e0,Standard Frame,Data Frame,0x24,0x0,0x43,0x0,0x0,0x0,0x0,0x0
2026-05-25T11:17:28.205885+00:00,0x45a,Standard Frame,Data Frame,0x5a,0x4,0x0,0x43,0x0,0xf,0xf,0xf
2026-05-25T11:17:29.205875+00:00,0x45a,Standard Frame,Data Frame,0x5a,0x4,0x0,0x43,0x0,0xf,0xf,0xf
2026-05-25T11:17:29.238430+00:00,0x4e0,Standard Frame,Data Frame,0x24,0x0,0x43,0x0,0x0,0x0,0x0,0x0
2026-05-25T11:17:30.205656+00:00,0x45a,Standard Frame,Data Frame,0x5a,0x4,0x0,0x43,0x0,0xf,0xf,0xf
2026-05-25T11:17:30.277929+00:00,0x4e0,Standard Frame,Data Frame,0x24,0x0,0x43,0x0,0x0,0x0,0x0,0x0
2026-05-25T11:17:31.204749+00:00,0x45a,Standard Frame,Data Frame,0x5a,0x4,0x0,0x43,0x0,0xf,0xf,0xf
2026-05-25T11:17:31.317809+00:00,0x4e0,Standard Frame,Data Frame,0x24,0x0,0x43,0x0,0x0,0x0,0x0,0x0
2026-05-25T11:17:32.204757+00:00,0x45a,Standard Frame,Data Frame,0x5a,0x4,0x0,0x43,0x0,0xf,0xf,0xf
2026-05-25T11:17:32.357399+00:00,0x4e0,Standard Frame,Data Frame,0x24,0x0,0x43,0x0,0x0,0x0,0x0,0x0
2026-05-25T11:17:33.203884+00:00,0x45a,Standard Frame,Data Frame,0x5a,0x4,0x0,0x43,0x0,0xf,0xf,0xf
2026-05-25T11:17:33.396949+00:00,0x4e0,Standard Frame,Data Frame,0x24,0x0,0x43,0x0,0x0,0x0,0x0,0x0
2026-05-25T11:17:34.203769+00:00,0x45a,Standard Frame,Data Frame,0x5a,0x4,0x0,0x43,0x0,0xf,0xf,0xf
2026-05-25T11:17:34.436638+00:00,0x4e0,Standard Frame,Data Frame,0x24,0x0,0x43,0x0,0x0,0x0,0x0,0x0
2026-05-25T11:17:35.203473+00:00,0x45a,Standard Frame,Data Frame,0x5a,0x4,0x0,0x43,0x0,0xf,0xf,0xf
2026-05-25T11:17:35.476037+00:00,0x4e0,Standard Frame,Data Frame,0x24,0x0,0x43,0x0,0x0,0x0,0x0,0x0
2026-05-25T11:17:36.202950+00:00,0x45a,Standard Frame,Data Frame,0x5a,0x4,0x0,0x43,0x0,0xf,0xf,0xf
2026-05-25T11:17:36.515669+00:00,0x4e0,Standard Frame,Data Frame,0x24,0x0,0x43,0x0,0x0,0x0,0x0,0x0
2026-05-25T11:17:37.202681+00:00,0x45a,Standard Frame,Data Frame,0x5a,0x4,0x0,0x43,0x0,0xf,0xf,0xf
2026-05-25T11:17:37.555115+00:00,0x4e0,Standard Frame,Data Frame,0x24,0x0,0x43,0x0,0x0,0x0,0x0,0x0
2026-05-25T11:17:38.202332+00:00,0x45a,Standard Frame,Data Frame,0x5a,0x4,0x0,0x43,0x0,0xf,0xf,0xf
2026-05-25T11:17:38.594734+00:00,0x4e0,Standard Frame,Data Frame,0x24,0x0,0x43,0x0,0x0,0x0,0x0,0x0
2026-05-25T11:17:39.201882+00:00,0x45a,Standard Frame,Data Frame,0x5a,0x4,0x0,0x43,0x0,0xf,0xf,0xf
2026-05-25T11:17:39.634790+00:00,0x4e0,Standard Frame,Data Frame,0x24,0x0,0x43,0x0,0x0,0x0,0x0,0x0
2026-05-25T11:17:40.201523+00:00,0x45a,Standard Frame,Data Frame,0x5a,0x4,0x0,0x43,0x0,0xf,0xf,0xf
2026-05-25T11:17:40.674129+00:00,0x4e0,Standard Frame,Data Frame,0x24,0x0,0x43,0x0,0x0,0x0,0x0,0x0
2026-05-25T11:17:41.201001+00:00,0x45a,Standard Frame,Data Frame,0x5a,0x4,0x0,0x43,0x0,0xf,0xf,0xf
2026-05-25T11:17:41.713840+00:00,0x4e0,Standard Frame,Data Frame,0x24,0x0,0x43,0x0,0x0,0x0,0x0,0x0
2026-05-25T11:17:42.200567+00:00,0x45a,Standard Frame,Data Frame,0x5a,0x4,0x0,0x43,0x0,0xf,0xf,0xf
2026-05-25T11:17:42.753356+00:00,0x4e0,Standard Frame,Data Frame,0x24,0x0,0x43,0x0,0x0,0x0,0x0,0x0
2026-05-25T11:17:43.200410+00:00,0x45a,Standard Frame,Data Frame,0x5a,0x4,0x0,0x43,0x0,0xf,0xf,0xf
2026-05-25T11:17:43.793002+00:00,0x4e0,Standard Frame,Data Frame,0x24,0x0,0x43,0x0,0x0,0x0,0x0,0x0
2026-05-25T11:17:44.199918+00:00,0x45a,Standard Frame,Data Frame,0x5a,0x4,0x0,0x43,0x0,0xf,0xf,0xf
2026-05-25T11:17:44.832491+00:00,0x4e0,Standard Frame,Data Frame,0x24,0x0,0x43,0x0,0x0,0x0,0x0,0x0
2026-05-25T11:17:45.199539+00:00,0x45a,Standard Frame,Data Frame,0x5a,0x4,0x0,0x43,0x0,0xf,0xf,0xf
2026-05-25T11:17:45.872284+00:00,0x4e0,Standard Frame,Data Frame,0x24,0x0,0x43,0x0,0x0,0x0,0x0,0x0
2026-05-25T11:17:46.198993+00:00,0x45a,Standard Frame,Data Frame,0x5a,0x4,0x0,0x43,0x0,0xf,0xf,0xf
2026-05-25T11:17:46.911844+00:00,0x4e0,Standard Frame,Data Frame,0x24,0x0,0x43,0x0,0x0,0x0,0x0,0x0
2026-05-25T11:17:47.198727+00:00,0x45a,Standard Frame,Data Frame,0x5a,0x4,0x0,0x43,0x0,0xf,0xf,0xf
2026-05-25T11:17:47.951513+00:00,0x4e0,Standard Frame,Data Frame,0x24,0x0,0x43,0x0,0x0,0x0,0x0,0x0
2026-05-25T11:17:48.198701+00:00,0x45a,Standard Frame,Data Frame,0x5a,0x4,0x0,0x43,0x0,0xf,0xf,0xf
2026-05-25T11:17:48.991176+00:00,0x4e0,Standard Frame,Data Frame,0x24,0x0,0x43,0x0,0x0,0x0,0x0,0x0
2026-05-25T11:17:49.198405+00:00,0x45a,Standard Frame,Data Frame,0x5a,0x4,0x0,0x43,0x0,0xf,0xf,0xf
2026-05-25T11:17:50.030706+00:00,0x4e0,Standard Frame,Data Frame,0x24,0x0,0x43,0x0,0x0,0x0,0x0,0x0
2026-05-25T11:17:50.197710+00:00,0x45a,Standard Frame,Data Frame,0x5a,0x4,0x0,0x43,0x0,0xf,0xf,0xf
2026-05-25T11:17:51.070259+00:00,0x4e0,Standard Frame,Data Frame,0x24,0x0,0x43,0x0,0x0,0x0,0x0,0x0
2026-05-25T11:17:51.197156+00:00,0x45a,Standard Frame,Data Frame,0x5a,0x4,0x0,0x43,0x0,0xf,0xf,0xf
2026-05-25T11:17:52.109733+00:00,0x4e0,Standard Frame,Data Frame,0x24,0x0,0x43,0x0,0x0,0x0,0x0,0x0
2026-05-25T11:17:52.196676+00:00,0x45a,Standard Frame,Data Frame,0x5a,0x4,0x0,0x43,0x0,0xf,0xf,0xf
2026-05-25T11:17:53.149543+00:00,0x4e0,Standard Frame,Data Frame,0x24,0x0,0x43,0x0,0x0,0x0,0x0,0x0
2026-05-25T11:17:53.196331+00:00,0x45a,Standard Frame,Data Frame,0x5a,0x4,0x0,0x43,0x0,0xf,0xf,0xf
2026-05-25T11:17:54.188804+00:00,0x4e0,Standard Frame,Data Frame,0x24,0x0,0x43,0x0,0x0,0x0,0x0,0x0
2026-05-25T11:17:54.195830+00:00,0x45a,Standard Frame,Data Frame,0x5a,0x4,0x0,0x43,0x0,0xf,0xf,0xf
2026-05-25T11:17:55.195824+00:00,0x45a,Standard Frame,Data Frame,0x5a,0x4,0x0,0x43,0x0,0xf,0xf,0xf
2026-05-25T11:17:55.228845+00:00,0x4e0,Standard Frame,Data Frame,0x24,0x0,0x43,0x0,0x0,0x0,0x0,0x0
2026-05-25T11:17:56.195029+00:00,0x45a,Standard Frame,Data Frame,0x5a,0x4,0x0,0x43,0x0,0xf,0xf,0xf
2026-05-25T11:17:56.268330+00:00,0x4e0,Standard Frame,Data Frame,0x24,0x0,0x43,0x0,0x0,0x0,0x0,0x0
2026-05-25T11:17:57.194891+00:00,0x45a,Standard Frame,Data Frame,0x5a,0x4,0x0,0x43,0x0,0xf,0xf,0xf
2026-05-25T11:17:57.307795+00:00,0x4e0,Standard Frame,Data Frame,0x24,0x0,0x43,0x0,0x0,0x0,0x0,0x0
2026-05-25T11:17:58.194852+00:00,0x45a,Standard Frame,Data Frame,0x5a,0x4,0x0,0x43,0x0,0xf,0xf,0xf
2026-05-25T11:17:58.347750+00:00,0x4e0,Standard Frame,Data Frame,0x24,0x0,0x43,0x0,0x0,0x0,0x0,0x0
2026-05-25T11:17:59.194325+00:00,0x45a,Standard Frame,Data Frame,0x5a,0x4,0x0,0x43,0x0,0xf,0xf,0xf
2026-05-25T11:17:59.387137+00:00,0x4e0,Standard Frame,Data Frame,0x24,0x0,0x43,0x0,0x0,0x0,0x0,0x0
2026-05-25T11:18:00.193926+00:00,0x45a,Standard Frame,Data Frame,0x5a,0x4,0x0,0x43,0x0,0xf,0xf,0xf
2026-05-25T11:18:00.426776+00:00,0x4e0,Standard Frame,Data Frame,0x24,0x0,0x43,0x0,0x0,0x0,0x0,0x0
2026-05-25T11:18:01.193671+00:00,0x45a,Standard Frame,Data Frame,0x5a,0x4,0x0,0x43,0x0,0xf,0xf,0xf
2026-05-25T11:18:01.466486+00:00,0x4e0,Standard Frame,Data Frame,0x24,0x0,0x43,0x0,0x0,0x0,0x0,0x0
2026-05-25T11:18:02.193149+00:00,0x45a,Standard Frame,Data Frame,0x5a,0x4,0x0,0x43,0x0,0xf,0xf,0xf
2026-05-25T11:18:02.505978+00:00,0x4e0,Standard Frame,Data Frame,0x24,0x0,0x43,0x0,0x0,0x0,0x0,0x0
2026-05-25T11:18:03.192867+00:00,0x45a,Standard Frame,Data Frame,0x5a,0x4,0x0,0x43,0x0,0xf,0xf,0xf
2026-05-25T11:18:03.545648+00:00,0x4e0,Standard Frame,Data Frame,0x24,0x0,0x43,0x0,0x0,0x0,0x0,0x0
2026-05-25T11:18:04.192406+00:00,0x45a,Standard Frame,Data Frame,0x5a,0x4,0x0,0x43,0x0,0xf,0xf,0xf
2026-05-25T11:18:04.585184+00:00,0x4e0,Standard Frame,Data Frame,0x24,0x0,0x43,0x0,0x0,0x0,0x0,0x0
2026-05-25T11:18:05.192158+00:00,0x45a,Standard Frame,Data Frame,0x5a,0x4,0x0,0x43,0x0,0xf,0xf,0xf
2026-05-25T11:18:05.624596+00:00,0x4e0,Standard Frame,Data Frame,0x24,0x0,0x43,0x0,0x0,0x0,0x0,0x0
2026-05-25T11:18:06.191603+00:00,0x45a,Standard Frame,Data Frame,0x5a,0x4,0x0,0x43,0x0,0xf,0xf,0xf
2026-05-25T11:18:06.664560+00:00,0x4e0,Standard Frame,Data Frame,0x24,0x0,0x43,0x0,0x0,0x0,0x0,0x0
2026-05-25T11:18:07.191355+00:00,0x45a,Standard Frame,Data Frame,0x5a,0x4,0x0,0x43,0x0,0xf,0xf,0xf
2026-05-25T11:18:07.704064+00:00,0x4e0,Standard Frame,Data Frame,0x24,0x0,0x43,0x0,0x0,0x0,0x0,0x0
2026-05-25T11:18:08.190942+00:00,0x45a,Standard Frame,Data Frame,0x5a,0x4,0x0,0x43,0x0,0xf,0xf,0xf
2026-05-25T11:18:08.743699+00:00,0x4e0,Standard Frame,Data Frame,0x24,0x0,0x43,0x0,0x0,0x0,0x0,0x0
2026-05-25T11:18:09.190688+00:00,0x45a,Standard Frame,Data Frame,0x5a,0x4,0x0,0x43,0x0,0xf,0xf,0xf
2026-05-25T11:18:09.783602+00:00,0x4e0,Standard Frame,Data Frame,0x24,0x0,0x43,0x0,0x0,0x0,0x0,0x0
2026-05-25T11:18:10.190117+00:00,0x45a,Standard Frame,Data Frame,0x5a,0x4,0x0,0x43,0x0,0xf,0xf,0xf
2026-05-25T11:18:10.822646+00:00,0x4e0,Standard Frame,Data Frame,0x24,0x0,0x43,0x0,0x0,0x0,0x0,0x0
2026-05-25T11:18:11.189760+00:00,0x45a,Standard Frame,Data Frame,0x5a,0x4,0x0,0x43,0x0,0xf,0xf,0xf
2026-05-25T11:18:11.862646+00:00,0x4e0,Standard Frame,Data Frame,0x24,0x0,0x43,0x0,0x0,0x0,0x0,0x0
2026-05-25T11:18:12.189526+00:00,0x45a,Standard Frame,Data Frame,0x5a,0x4,0x0,0x43,0x0,0xf,0xf,0xf
2026-05-25T11:18:12.902209+00:00,0x4e0,Standard Frame,Data Frame,0x24,0x0,0x43,0x0,0x0,0x0,0x0,0x0
2026-05-25T11:18:13.189013+00:00,0x45a,Standard Frame,Data Frame,0x5a,0x4,0x0,0x43,0x0,0xf,0xf,0xf
2026-05-25T11:18:13.941752+00:00,0x4e0,Standard Frame,Data Frame,0x24,0x0,0x43,0x0,0x0,0x0,0x0,0x0
2026-05-25T11:18:14.188610+00:00,0x45a,Standard Frame,Data Frame,0x5a,0x4,0x0,0x43,0x0,0xf,0xf,0xf
2026-05-25T11:18:14.980871+00:00,0x4e0,Standard Frame,Data Frame,0x24,0x0,0x43,0x0,0x0,0x0,0x0,0x0
2026-05-25T11:18:15.187903+00:00,0x45a,Standard Frame,Data Frame,0x5a,0x4,0x0,0x43,0x0,0xf,0xf,0xf
2026-05-25T11:18:16.020406+00:00,0x4e0,Standard Frame,Data Frame,0x24,0x0,0x43,0x0,0x0,0x0,0x0,0x0
2026-05-25T11:18:16.187828+00:00,0x45a,Standard Frame,Data Frame,0x5a,0x4,0x0,0x43,0x0,0xf,0xf,0xf
2026-05-25T11:18:17.060086+00:00,0x4e0,Standard Frame,Data Frame,0x24,0x0,0x43,0x0,0x0,0x0,0x0,0x0
2026-05-25T11:18:17.187848+00:00,0x45a,Standard Frame,Data Frame,0x5a,0x4,0x0,0x43,0x0,0xf,0xf,0xf
2026-05-25T11:18:18.099950+00:00,0x4e0,Standard Frame,Data Frame,0x24,0x0,0x43,0x0,0x0,0x0,0x0,0x0
2026-05-25T11:18:18.186975+00:00,0x45a,Standard Frame,Data Frame,0x5a,0x4,0x0,0x43,0x0,0xf,0xf,0xf
2026-05-25T11:18:19.139662+00:00,0x4e0,Standard Frame,Data Frame,0x24,0x0,0x43,0x0,0x0,0x0,0x0,0x0
2026-05-25T11:18:19.186881+00:00,0x45a,Standard Frame,Data Frame,0x5a,0x4,0x0,0x43,0x0,0xf,0xf,0xf
2026-05-25T11:18:20.179396+00:00,0x4e0,Standard Frame,Data Frame,0x24,0x0,0x43,0x0,0x0,0x0,0x0,0x0
2026-05-25T11:18:20.186213+00:00,0x45a,Standard Frame,Data Frame,0x5a,0x4,0x0,0x43,0x0,0xf,0xf,0xf
2026-05-25T11:18:21.185808+00:00,0x45a,Standard Frame,Data Frame,0x5a,0x4,0x0,0x43,0x0,0xf,0xf,0xf
2026-05-25T11:18:21.218965+00:00,0x4e0,Standard Frame,Data Frame,0x24,0x0,0x43,0x0,0x0,0x0,0x0,0x0
2026-05-25T11:18:22.185555+00:00,0x45a,Standard Frame,Data Frame,0x5a,0x4,0x0,0x43,0x0,0xf,0xf,0xf
2026-05-25T11:18:22.258644+00:00,0x4e0,Standard Frame,Data Frame,0x24,0x0,0x43,0x0,0x0,0x0,0x0,0x0
2026-05-25T11:18:23.185233+00:00,0x45a,Standard Frame,Data Frame,0x5a,0x4,0x0,0x43,0x0,0xf,0xf,0xf
2026-05-25T11:18:23.298069+00:00,0x4e0,Standard Frame,Data Frame,0x24,0x0,0x43,0x0,0x0,0x0,0x0,0x0
2026-05-25T11:18:24.184785+00:00,0x45a,Standard Frame,Data Frame,0x5a,0x4,0x0,0x43,0x0,0xf,0xf,0xf
2026-05-25T11:18:24.337662+00:00,0x4e0,Standard Frame,Data Frame,0x24,0x0,0x43,0x0,0x0,0x0,0x0,0x0
2026-05-25T11:18:25.184091+00:00,0x45a,Standard Frame,Data Frame,0x5a,0x4,0x0,0x43,0x0,0xf,0xf,0xf
2026-05-25T11:18:25.376929+00:00,0x4e0,Standard Frame,Data Frame,0x24,0x0,0x43,0x0,0x0,0x0,0x0,0x0
2026-05-25T11:18:26.183843+00:00,0x45a,Standard Frame,Data Frame,0x5a,0x4,0x0,0x43,0x0,0xf,0xf,0xf
2026-05-25T11:18:26.416623+00:00,0x4e0,Standard Frame,Data Frame,0x24,0x0,0x43,0x0,0x0,0x0,0x0,0x0
2026-05-25T11:18:27.183663+00:00,0x45a,Standard Frame,Data Frame,0x5a,0x4,0x0,0x43,0x0,0xf,0xf,0xf
2026-05-25T11:18:27.456685+00:00,0x4e0,Standard Frame,Data Frame,0x24,0x0,0x43,0x0,0x0,0x0,0x0,0x0
2026-05-25T11:18:28.182991+00:00,0x45a,Standard Frame,Data Frame,0x5a,0x4,0x0,0x43,0x0,0xf,0xf,0xf
2026-05-25T11:18:28.496037+00:00,0x4e0,Standard Frame,Data Frame,0x24,0x0,0x43,0x0,0x0,0x0,0x0,0x0
2026-05-25T11:18:29.182821+00:00,0x45a,Standard Frame,Data Frame,0x5a,0x4,0x0,0x43,0x0,0xf,0xf,0xf
2026-05-25T11:18:29.535665+00:00,0x4e0,Standard Frame,Data Frame,0x24,0x0,0x43,0x0,0x0,0x0,0x0,0x0
2026-05-25T11:18:30.182131+00:00,0x45a,Standard Frame,Data Frame,0x5a,0x4,0x0,0x43,0x0,0xf,0xf,0xf
2026-05-25T11:18:30.575201+00:00,0x4e0,Standard Frame,Data Frame,0x24,0x0,0x43,0x0,0x0,0x0,0x0,0x0
2026-05-25T11:18:31.181835+00:00,0x45a,Standard Frame,Data Frame,0x5a,0x4,0x0,0x43,0x0,0xf,0xf,0xf
2026-05-25T11:18:31.614840+00:00,0x4e0,Standard Frame,Data Frame,0x24,0x0,0x43,0x0,0x0,0x0,0x0,0x0
2026-05-25T11:18:32.181851+00:00,0x45a,Standard Frame,Data Frame,0x5a,0x4,0x0,0x43,0x0,0xf,0xf,0xf
2026-05-25T11:18:32.654417+00:00,0x4e0,Standard Frame,Data Frame,0x24,0x0,0x43,0x0,0x0,0x0,0x0,0x0
2026-05-25T11:18:33.181504+00:00,0x45a,Standard Frame,Data Frame,0x5a,0x4,0x0,0x43,0x0,0xf,0xf,0xf
2026-05-25T11:18:33.694013+00:00,0x4e0,Standard Frame,Data Frame,0x24,0x0,0x43,0x0,0x0,0x0,0x0,0x0
2026-05-25T11:18:34.180968+00:00,0x45a,Standard Frame,Data Frame,0x5a,0x4,0x0,0x43,0x0,0xf,0xf,0xf
2026-05-25T11:18:34.733611+00:00,0x4e0,Standard Frame,Data Frame,0x24,0x0,0x43,0x0,0x0,0x0,0x0,0x0
2026-05-25T11:18:35.180692+00:00,0x45a,Standard Frame,Data Frame,0x5a,0x4,0x0,0x43,0x0,0xf,0xf,0xf
2026-05-25T11:18:35.773443+00:00,0x4e0,Standard Frame,Data Frame,0x24,0x0,0x43,0x0,0x0,0x0,0x0,0x0
2026-05-25T11:18:36.180033+00:00,0x45a,Standard Frame,Data Frame,0x5a,0x4,0x0,0x43,0x0,0xf,0xf,0xf
2026-05-25T11:18:36.812613+00:00,0x4e0,Standard Frame,Data Frame,0x24,0x0,0x43,0x0,0x0,0x0,0x0,0x0
2026-05-25T11:18:37.180152+00:00,0x45a,Standard Frame,Data Frame,0x5a,0x4,0x0,0x43,0x0,0xf,0xf,0xf
2026-05-25T11:18:37.852652+00:00,0x4e0,Standard Frame,Data Frame,0x24,0x0,0x43,0x0,0x0,0x0,0x0,0x0
2026-05-25T11:18:38.179620+00:00,0x45a,Standard Frame,Data Frame,0x5a,0x4,0x0,0x43,0x0,0xf,0xf,0xf
2026-05-25T11:18:38.892073+00:00,0x4e0,Standard Frame,Data Frame,0x24,0x0,0x43,0x0,0x0,0x0,0x0,0x0
2026-05-25T11:18:39.179237+00:00,0x45a,Standard Frame,Data Frame,0x5a,0x4,0x0,0x43,0x0,0xf,0xf,0xf
2026-05-25T11:18:39.931904+00:00,0x4e0,Standard Frame,Data Frame,0x24,0x0,0x43,0x0,0x0,0x0,0x0,0x0
2026-05-25T11:18:40.178775+00:00,0x45a,Standard Frame,Data Frame,0x5a,0x4,0x0,0x43,0x0,0xf,0xf,0xf
2026-05-25T11:18:40.971168+00:00,0x4e0,Standard Frame,Data Frame,0x24,0x0,0x43,0x0,0x0,0x0,0x0,0x0
2026-05-25T11:18:41.178449+00:00,0x45a,Standard Frame,Data Frame,0x5a,0x4,0x0,0x43,0x0,0xf,0xf,0xf
2026-05-25T11:18:42.010903+00:00,0x4e0,Standard Frame,Data Frame,0x24,0x0,0x43,0x0,0x0,0x0,0x0,0x0
2026-05-25T11:18:42.177675+00:00,0x45a,Standard Frame,Data Frame,0x5a,0x4,0x0,0x43,0x0,0xf,0xf,0xf
2026-05-25T11:18:43.050529+00:00,0x4e0,Standard Frame,Data Frame,0x24,0x0,0x43,0x0,0x0,0x0,0x0,0x0
2026-05-25T11:18:43.177526+00:00,0x45a,Standard Frame,Data Frame,0x5a,0x4,0x0,0x43,0x0,0xf,0xf,0xf
2026-05-25T11:18:44.090023+00:00,0x4e0,Standard Frame,Data Frame,0x24,0x0,0x43,0x0,0x0,0x0,0x0,0x0
2026-05-25T11:18:44.177240+00:00,0x45a,Standard Frame,Data Frame,0x5a,0x4,0x0,0x43,0x0,0xf,0xf,0xf
2026-05-25T11:18:45.129662+00:00,0x4e0,Standard Frame,Data Frame,0x24,0x0,0x43,0x0,0x0,0x0,0x0,0x0
2026-05-25T11:18:45.176815+00:00,0x45a,Standard Frame,Data Frame,0x5a,0x4,0x0,0x43,0x0,0xf,0xf,0xf
2026-05-25T11:18:46.169064+00:00,0x4e0,Standard Frame,Data Frame,0x24,0x0,0x43,0x0,0x0,0x0,0x0,0x0
2026-05-25T11:18:46.176198+00:00,0x45a,Standard Frame,Data Frame,0x5a,0x4,0x0,0x43,0x0,0xf,0xf,0xf
2026-05-25T11:18:47.175758+00:00,0x45a,Standard Frame,Data Frame,0x5a,0x4,0x0,0x43,0x0,0xf,0xf,0xf
2026-05-25T11:18:47.208552+00:00,0x4e0,Standard Frame,Data Frame,0x24,0x0,0x43,0x0,0x0,0x0,0x0,0x0
2026-05-25T11:18:48.175665+00:00,0x45a,Standard Frame,Data Frame,0x5a,0x4,0x0,0x43,0x0,0xf,0xf,0xf
2026-05-25T11:18:48.248465+00:00,0x4e0,Standard Frame,Data Frame,0x24,0x0,0x43,0x0,0x0,0x0,0x0,0x0
2026-05-25T11:18:49.175263+00:00,0x45a,Standard Frame,Data Frame,0x5a,0x4,0x0,0x43,0x0,0xf,0xf,0xf
2026-05-25T11:18:49.288108+00:00,0x4e0,Standard Frame,Data Frame,0x24,0x0,0x43,0x0,0x0,0x0,0x0,0x0
2026-05-25T11:18:50.174813+00:00,0x45a,Standard Frame,Data Frame,0x5a,0x4,0x0,0x43,0x0,0xf,0xf,0xf
2026-05-25T11:18:50.327631+00:00,0x4e0,Standard Frame,Data Frame,0x24,0x0,0x43,0x0,0x0,0x0,0x0,0x0
2026-05-25T11:18:51.174491+00:00,0x45a,Standard Frame,Data Frame,0x5a,0x4,0x0,0x43,0x0,0xf,0xf,0xf
2026-05-25T11:18:51.367465+00:00,0x4e0,Standard Frame,Data Frame,0x24,0x0,0x43,0x0,0x0,0x0,0x0,0x0
2026-05-25T11:18:52.174014+00:00,0x45a,Standard Frame,Data Frame,0x5a,0x4,0x0,0x43,0x0,0xf,0xf,0xf
2026-05-25T11:18:52.407204+00:00,0x4e0,Standard Frame,Data Frame,0x24,0x0,0x43,0x0,0x0,0x0,0x0,0x0
2026-05-25T11:18:53.173456+00:00,0x45a,Standard Frame,Data Frame,0x5a,0x4,0x0,0x43,0x0,0xf,0xf,0xf
2026-05-25T11:18:53.446337+00:00,0x4e0,Standard Frame,Data Frame,0x24,0x0,0x43,0x0,0x0,0x0,0x0,0x0
2026-05-25T11:18:54.173007+00:00,0x45a,Standard Frame,Data Frame,0x5a,0x4,0x0,0x43,0x0,0xf,0xf,0xf
2026-05-25T11:18:54.486365+00:00,0x4e0,Standard Frame,Data Frame,0x24,0x0,0x43,0x0,0x0,0x0,0x0,0x0
2026-05-25T11:18:55.172780+00:00,0x45a,Standard Frame,Data Frame,0x5a,0x4,0x0,0x43,0x0,0xf,0xf,0xf
2026-05-25T11:18:55.525718+00:00,0x4e0,Standard Frame,Data Frame,0x24,0x0,0x43,0x0,0x0,0x0,0x0,0x0
2026-05-25T11:18:56.172570+00:00,0x45a,Standard Frame,Data Frame,0x5a,0x4,0x0,0x43,0x0,0xf,0xf,0xf
2026-05-25T11:18:56.565367+00:00,0x4e0,Standard Frame,Data Frame,0x24,0x0,0x43,0x0,0x0,0x0,0x0,0x0
2026-05-25T11:18:57.172163+00:00,0x45a,Standard Frame,Data Frame,0x5a,0x4,0x0,0x43,0x0,0xf,0xf,0xf
2026-05-25T11:18:57.604812+00:00,0x4e0,Standard Frame,Data Frame,0x24,0x0,0x43,0x0,0x0,0x0,0x0,0x0
2026-05-25T11:18:58.171661+00:00,0x45a,Standard Frame,Data Frame,0x5a,0x4,0x0,0x43,0x0,0xf,0xf,0xf
2026-05-25T11:18:58.644446+00:00,0x4e0,Standard Frame,Data Frame,0x24,0x0,0x43,0x0,0x0,0x0,0x0,0x0
2026-05-25T11:18:59.171698+00:00,0x45a,Standard Frame,Data Frame,0x5a,0x4,0x0,0x43,0x0,0xf,0xf,0xf
2026-05-25T11:18:59.684136+00:00,0x4e0,Standard Frame,Data Frame,0x24,0x0,0x43,0x0,0x0,0x0,0x0,0x0
2026-05-25T11:19:00.171106+00:00,0x45a,Standard Frame,Data Frame,0x5a,0x4,0x0,0x43,0x0,0xf,0xf,0xf
2026-05-25T11:19:00.723498+00:00,0x4e0,Standard Frame,Data Frame,0x24,0x0,0x43,0x0,0x0,0x0,0x0,0x0
2026-05-25T11:19:01.170964+00:00,0x45a,Standard Frame,Data Frame,0x5a,0x4,0x0,0x43,0x0,0xf,0xf,0xf
2026-05-25T11:19:01.763442+00:00,0x4e0,Standard Frame,Data Frame,0x24,0x0,0x43,0x0,0x0,0x0,0x0,0x0
2026-05-25T11:19:02.170536+00:00,0x45a,Standard Frame,Data Frame,0x5a,0x4,0x0,0x43,0x0,0xf,0xf,0xf
2026-05-25T11:19:02.802868+00:00,0x4e0,Standard Frame,Data Frame,0x24,0x0,0x43,0x0,0x0,0x0,0x0,0x0
2026-05-25T11:19:03.169581+00:00,0x45a,Standard Frame,Data Frame,0x5a,0x4,0x0,0x43,0x0,0xf,0xf,0xf
2026-05-25T11:19:03.842494+00:00,0x4e0,Standard Frame,Data Frame,0x24,0x0,0x43,0x0,0x0,0x0,0x0,0x0
2026-05-25T11:19:04.169702+00:00,0x45a,Standard Frame,Data Frame,0x5a,0x4,0x0,0x43,0x0,0xf,0xf,0xf
2026-05-25T11:19:04.881905+00:00,0x4e0,Standard Frame,Data Frame,0x24,0x0,0x43,0x0,0x0,0x0,0x0,0x0
2026-05-25T11:19:05.169163+00:00,0x45a,Standard Frame,Data Frame,0x5a,0x4,0x0,0x43,0x0,0xf,0xf,0xf
2026-05-25T11:19:05.921754+00:00,0x4e0,Standard Frame,Data Frame,0x24,0x0,0x43,0x0,0x0,0x0,0x0,0x0
2026-05-25T11:19:06.168837+00:00,0x45a,Standard Frame,Data Frame,0x5a,0x4,0x0,0x43,0x0,0xf,0xf,0xf
2026-05-25T11:19:06.961129+00:00,0x4e0,Standard Frame,Data Frame,0x24,0x0,0x43,0x0,0x0,0x0,0x0,0x0
2026-05-25T11:19:07.168795+00:00,0x45a,Standard Frame,Data Frame,0x5a,0x4,0x0,0x43,0x0,0xf,0xf,0xf
2026-05-25T11:19:08.000894+00:00,0x4e0,Standard Frame,Data Frame,0x24,0x0,0x43,0x0,0x0,0x0,0x0,0x0
2026-05-25T11:19:08.167998+00:00,0x45a,Standard Frame,Data Frame,0x5a,0x4,0x0,0x43,0x0,0xf,0xf,0xf
2026-05-25T11:19:09.040453+00:00,0x4e0,Standard Frame,Data Frame,0x24,0x0,0x43,0x0,0x0,0x0,0x0,0x0
2026-05-25T11:19:09.167805+00:00,0x45a,Standard Frame,Data Frame,0x5a,0x4,0x0,0x43,0x0,0xf,0xf,0xf
2026-05-25T11:19:10.080369+00:00,0x4e0,Standard Frame,Data Frame,0x24,0x0,0x43,0x0,0x0,0x0,0x0,0x0
2026-05-25T11:19:10.167471+00:00,0x45a,Standard Frame,Data Frame,0x5a,0x4,0x0,0x43,0x0,0xf,0xf,0xf
2026-05-25T11:19:11.119854+00:00,0x4e0,Standard Frame,Data Frame,0x24,0x0,0x43,0x0,0x0,0x0,0x0,0x0
2026-05-25T11:19:11.166764+00:00,0x45a,Standard Frame,Data Frame,0x5a,0x4,0x0,0x43,0x0,0xf,0xf,0xf
2026-05-25T11:19:12.159272+00:00,0x4e0,Standard Frame,Data Frame,0x24,0x0,0x43,0x0,0x0,0x0,0x0,0x0
2026-05-25T11:19:12.166200+00:00,0x45a,Standard Frame,Data Frame,0x5a,0x4,0x0,0x43,0x0,0xf,0xf,0xf
2026-05-25T11:19:13.166096+00:00,0x45a,Standard Frame,Data Frame,0x5a,0x4,0x0,0x43,0x0,0xf,0xf,0xf
2026-05-25T11:19:13.199023+00:00,0x4e0,Standard Frame,Data Frame,0x24,0x0,0x43,0x0,0x0,0x0,0x0,0x0
2026-05-25T11:19:14.165610+00:00,0x45a,Standard Frame,Data Frame,0x5a,0x4,0x0,0x43,0x0,0xf,0xf,0xf
2026-05-25T11:19:14.238175+00:00,0x4e0,Standard Frame,Data Frame,0x24,0x0,0x43,0x0,0x0,0x0,0x0,0x0
2026-05-25T11:19:15.165521+00:00,0x45a,Standard Frame,Data Frame,0x5a,0x4,0x0,0x43,0x0,0xf,0xf,0xf
2026-05-25T11:19:15.277977+00:00,0x4e0,Standard Frame,Data Frame,0x24,0x0,0x43,0x0,0x0,0x0,0x0,0x0
2026-05-25T11:19:16.164984+00:00,0x45a,Standard Frame,Data Frame,0x5a,0x4,0x0,0x43,0x0,0xf,0xf,0xf
2026-05-25T11:19:16.317446+00:00,0x4e0,Standard Frame,Data Frame,0x24,0x0,0x43,0x0,0x0,0x0,0x0,0x0
2026-05-25T11:19:17.164721+00:00,0x45a,Standard Frame,Data Frame,0x5a,0x4,0x0,0x43,0x0,0xf,0xf,0xf
2026-05-25T11:19:17.357702+00:00,0x4e0,Standard Frame,Data Frame,0x24,0x0,0x43,0x0,0x0,0x0,0x0,0x0
2026-05-25T11:19:18.164366+00:00,0x45a,Standard Frame,Data Frame,0x5a,0x4,0x0,0x43,0x0,0xf,0xf,0xf
2026-05-25T11:19:18.396846+00:00,0x4e0,Standard Frame,Data Frame,0x24,0x0,0x43,0x0,0x0,0x0,0x0,0x0
2026-05-25T11:19:19.163853+00:00,0x45a,Standard Frame,Data Frame,0x5a,0x4,0x0,0x43,0x0,0xf,0xf,0xf
2026-05-25T11:19:19.436338+00:00,0x4e0,Standard Frame,Data Frame,0x24,0x0,0x43,0x0,0x0,0x0,0x0,0x0
2026-05-25T11:19:20.163424+00:00,0x45a,Standard Frame,Data Frame,0x5a,0x4,0x0,0x43,0x0,0xf,0xf,0xf
2026-05-25T11:19:20.476201+00:00,0x4e0,Standard Frame,Data Frame,0x24,0x0,0x43,0x0,0x0,0x0,0x0,0x0
2026-05-25T11:19:21.163119+00:00,0x45a,Standard Frame,Data Frame,0x5a,0x4,0x0,0x43,0x0,0xf,0xf,0xf
2026-05-25T11:19:21.515895+00:00,0x4e0,Standard Frame,Data Frame,0x24,0x0,0x43,0x0,0x0,0x0,0x0,0x0
2026-05-25T11:19:22.162529+00:00,0x45a,Standard Frame,Data Frame,0x5a,0x4,0x0,0x43,0x0,0xf,0xf,0xf
2026-05-25T11:19:22.555446+00:00,0x4e0,Standard Frame,Data Frame,0x24,0x0,0x43,0x0,0x0,0x0,0x0,0x0
2026-05-25T11:19:23.162216+00:00,0x45a,Standard Frame,Data Frame,0x5a,0x4,0x0,0x43,0x0,0xf,0xf,0xf
2026-05-25T11:19:23.594830+00:00,0x4e0,Standard Frame,Data Frame,0x24,0x0,0x43,0x0,0x0,0x0,0x0,0x0
2026-05-25T11:19:24.161616+00:00,0x45a,Standard Frame,Data Frame,0x5a,0x4,0x0,0x43,0x0,0xf,0xf,0xf
2026-05-25T11:19:24.634129+00:00,0x4e0,Standard Frame,Data Frame,0x24,0x0,0x43,0x0,0x0,0x0,0x0,0x0
2026-05-25T11:19:25.161172+00:00,0x45a,Standard Frame,Data Frame,0x5a,0x4,0x0,0x43,0x0,0xf,0xf,0xf
2026-05-25T11:19:25.673877+00:00,0x4e0,Standard Frame,Data Frame,0x24,0x0,0x43,0x0,0x0,0x0,0x0,0x0
2026-05-25T11:19:26.160921+00:00,0x45a,Standard Frame,Data Frame,0x5a,0x4,0x0,0x43,0x0,0xf,0xf,0xf
2026-05-25T11:19:26.713511+00:00,0x4e0,Standard Frame,Data Frame,0x24,0x0,0x43,0x0,0x0,0x0,0x0,0x0
2026-05-25T11:19:27.160397+00:00,0x45a,Standard Frame,Data Frame,0x5a,0x4,0x0,0x43,0x0,0xf,0xf,0xf
2026-05-25T11:19:27.753241+00:00,0x4e0,Standard Frame,Data Frame,0x24,0x0,0x43,0x0,0x0,0x0,0x0,0x0
2026-05-25T11:19:28.160112+00:00,0x45a,Standard Frame,Data Frame,0x5a,0x4,0x0,0x43,0x0,0xf,0xf,0xf
2026-05-25T11:19:28.792706+00:00,0x4e0,Standard Frame,Data Frame,0x24,0x0,0x43,0x0,0x0,0x0,0x0,0x0
2026-05-25T11:19:29.159868+00:00,0x45a,Standard Frame,Data Frame,0x5a,0x4,0x0,0x43,0x0,0xf,0xf,0xf
2026-05-25T11:19:29.832722+00:00,0x4e0,Standard Frame,Data Frame,0x24,0x0,0x43,0x0,0x0,0x0,0x0,0x0
2026-05-25T11:19:30.159349+00:00,0x45a,Standard Frame,Data Frame,0x5a,0x4,0x0,0x43,0x0,0xf,0xf,0xf
2026-05-25T11:19:30.872028+00:00,0x4e0,Standard Frame,Data Frame,0x24,0x0,0x43,0x0,0x0,0x0,0x0,0x0
2026-05-25T11:19:31.159095+00:00,0x45a,Standard Frame,Data Frame,0x5a,0x4,0x0,0x43,0x0,0xf,0xf,0xf
2026-05-25T11:19:31.911848+00:00,0x4e0,Standard Frame,Data Frame,0x24,0x0,0x43,0x0,0x0,0x0,0x0,0x0
2026-05-25T11:19:32.158822+00:00,0x45a,Standard Frame,Data Frame,0x5a,0x4,0x0,0x43,0x0,0xf,0xf,0xf
2026-05-25T11:19:32.951529+00:00,0x4e0,Standard Frame,Data Frame,0x24,0x0,0x43,0x0,0x0,0x0,0x0,0x0
2026-05-25T11:19:33.158403+00:00,0x45a,Standard Frame,Data Frame,0x5a,0x4,0x0,0x43,0x0,0xf,0xf,0xf
2026-05-25T11:19:33.990966+00:00,0x4e0,Standard Frame,Data Frame,0x24,0x0,0x43,0x0,0x0,0x0,0x0,0x0
2026-05-25T11:19:34.157888+00:00,0x45a,Standard Frame,Data Frame,0x5a,0x4,0x0,0x43,0x0,0xf,0xf,0xf
2026-05-25T11:19:35.030471+00:00,0x4e0,Standard Frame,Data Frame,0x24,0x0,0x43,0x0,0x0,0x0,0x0,0x0
2026-05-25T11:19:35.158000+00:00,0x45a,Standard Frame,Data Frame,0x5a,0x4,0x0,0x43,0x0,0xf,0xf,0xf
2026-05-25T11:19:36.070082+00:00,0x4e0,Standard Frame,Data Frame,0x24,0x0,0x43,0x0,0x0,0x0,0x0,0x0
2026-05-25T11:19:36.157412+00:00,0x45a,Standard Frame,Data Frame,0x5a,0x4,0x0,0x43,0x0,0xf,0xf,0xf
2026-05-25T11:19:37.109875+00:00,0x4e0,Standard Frame,Data Frame,0x24,0x0,0x43,0x0,0x0,0x0,0x0,0x0
2026-05-25T11:19:37.156788+00:00,0x45a,Standard Frame,Data Frame,0x5a,0x4,0x0,0x43,0x0,0xf,0xf,0xf
2026-05-25T11:19:38.149424+00:00,0x4e0,Standard Frame,Data Frame,0x24,0x0,0x43,0x0,0x0,0x0,0x0,0x0
2026-05-25T11:19:38.156300+00:00,0x45a,Standard Frame,Data Frame,0x5a,0x4,0x0,0x43,0x0,0xf,0xf,0xf
2026-05-25T11:19:39.156416+00:00,0x45a,Standard Frame,Data Frame,0x5a,0x4,0x0,0x43,0x0,0xf,0xf,0xf
2026-05-25T11:19:39.188859+00:00,0x4e0,Standard Frame,Data Frame,0x24,0x0,0x43,0x0,0x0,0x0,0x0,0x0
2026-05-25T11:19:40.155697+00:00,0x45a,Standard Frame,Data Frame,0x5a,0x4,0x0,0x43,0x0,0xf,0xf,0xf
2026-05-25T11:19:40.228678+00:00,0x4e0,Standard Frame,Data Frame,0x24,0x0,0x43,0x0,0x0,0x0,0x0,0x0
2026-05-25T11:19:41.155327+00:00,0x45a,Standard Frame,Data Frame,0x5a,0x4,0x0,0x43,0x0,0xf,0xf,0xf
2026-05-25T11:19:41.268028+00:00,0x4e0,Standard Frame,Data Frame,0x24,0x0,0x43,0x0,0x0,0x0,0x0,0x0
2026-05-25T11:19:42.154923+00:00,0x45a,Standard Frame,Data Frame,0x5a,0x4,0x0,0x43,0x0,0xf,0xf,0xf
2026-05-25T11:19:42.307784+00:00,0x4e0,Standard Frame,Data Frame,0x24,0x0,0x43,0x0,0x0,0x0,0x0,0x0
2026-05-25T11:19:43.154586+00:00,0x45a,Standard Frame,Data Frame,0x5a,0x4,0x0,0x43,0x0,0xf,0xf,0xf
2026-05-25T11:19:43.347476+00:00,0x4e0,Standard Frame,Data Frame,0x24,0x0,0x43,0x0,0x0,0x0,0x0,0x0
2026-05-25T11:19:44.153877+00:00,0x45a,Standard Frame,Data Frame,0x5a,0x4,0x0,0x43,0x0,0xf,0xf,0xf
2026-05-25T11:19:44.386876+00:00,0x4e0,Standard Frame,Data Frame,0x24,0x0,0x43,0x0,0x0,0x0,0x0,0x0
2026-05-25T11:19:45.153852+00:00,0x45a,Standard Frame,Data Frame,0x5a,0x4,0x0,0x43,0x0,0xf,0xf,0xf
2026-05-25T11:19:45.426725+00:00,0x4e0,Standard Frame,Data Frame,0x24,0x0,0x43,0x0,0x0,0x0,0x0,0x0
2026-05-25T11:19:46.153348+00:00,0x45a,Standard Frame,Data Frame,0x5a,0x4,0x0,0x43,0x0,0xf,0xf,0xf
2026-05-25T11:19:46.466204+00:00,0x4e0,Standard Frame,Data Frame,0x24,0x0,0x43,0x0,0x0,0x0,0x0,0x0
2026-05-25T11:19:47.152764+00:00,0x45a,Standard Frame,Data Frame,0x5a,0x4,0x0,0x43,0x0,0xf,0xf,0xf
2026-05-25T11:19:47.505556+00:00,0x4e0,Standard Frame,Data Frame,0x24,0x0,0x43,0x0,0x0,0x0,0x0,0x0
2026-05-25T11:19:48.152402+00:00,0x45a,Standard Frame,Data Frame,0x5a,0x4,0x0,0x43,0x0,0xf,0xf,0xf
2026-05-25T11:19:48.545458+00:00,0x4e0,Standard Frame,Data Frame,0x24,0x0,0x43,0x0,0x0,0x0,0x0,0x0
2026-05-25T11:19:49.152089+00:00,0x45a,Standard Frame,Data Frame,0x5a,0x4,0x0,0x43,0x0,0xf,0xf,0xf
2026-05-25T11:19:49.584950+00:00,0x4e0,Standard Frame,Data Frame,0x24,0x0,0x43,0x0,0x0,0x0,0x0,0x0
2026-05-25T11:19:50.152005+00:00,0x45a,Standard Frame,Data Frame,0x5a,0x4,0x0,0x43,0x0,0xf,0xf,0xf
2026-05-25T11:19:50.624634+00:00,0x4e0,Standard Frame,Data Frame,0x24,0x0,0x43,0x0,0x0,0x0,0x0,0x0
2026-05-25T11:19:51.151583+00:00,0x45a,Standard Frame,Data Frame,0x5a,0x4,0x0,0x43,0x0,0xf,0xf,0xf
2026-05-25T11:19:51.664392+00:00,0x4e0,Standard Frame,Data Frame,0x24,0x0,0x43,0x0,0x0,0x0,0x0,0x0
2026-05-25T11:19:52.150873+00:00,0x45a,Standard Frame,Data Frame,0x5a,0x4,0x0,0x43,0x0,0xf,0xf,0xf
2026-05-25T11:19:52.703796+00:00,0x4e0,Standard Frame,Data Frame,0x24,0x0,0x43,0x0,0x0,0x0,0x0,0x0
2026-05-25T11:19:53.150627+00:00,0x45a,Standard Frame,Data Frame,0x5a,0x4,0x0,0x43,0x0,0xf,0xf,0xf
2026-05-25T11:19:53.743401+00:00,0x4e0,Standard Frame,Data Frame,0x24,0x0,0x43,0x0,0x0,0x0,0x0,0x0
2026-05-25T11:19:54.150124+00:00,0x45a,Standard Frame,Data Frame,0x5a,0x4,0x0,0x43,0x0,0xf,0xf,0xf
2026-05-25T11:19:54.782731+00:00,0x4e0,Standard Frame,Data Frame,0x24,0x0,0x43,0x0,0x0,0x0,0x0,0x0
2026-05-25T11:19:55.149833+00:00,0x45a,Standard Frame,Data Frame,0x5a,0x4,0x0,0x43,0x0,0xf,0xf,0xf
2026-05-25T11:19:55.822710+00:00,0x4e0,Standard Frame,Data Frame,0x24,0x0,0x43,0x0,0x0,0x0,0x0,0x0
2026-05-25T11:19:56.149393+00:00,0x45a,Standard Frame,Data Frame,0x5a,0x4,0x0,0x43,0x0,0xf,0xf,0xf
2026-05-25T11:19:56.862121+00:00,0x4e0,Standard Frame,Data Frame,0x24,0x0,0x43,0x0,0x0,0x0,0x0,0x0
2026-05-25T11:19:57.149142+00:00,0x45a,Standard Frame,Data Frame,0x5a,0x4,0x0,0x43,0x0,0xf,0xf,0xf
2026-05-25T11:19:57.901836+00:00,0x4e0,Standard Frame,Data Frame,0x24,0x0,0x43,0x0,0x0,0x0,0x0,0x0
2026-05-25T11:19:58.148700+00:00,0x45a,Standard Frame,Data Frame,0x5a,0x4,0x0,0x43,0x0,0xf,0xf,0xf
2026-05-25T11:19:58.941029+00:00,0x4e0,Standard Frame,Data Frame,0x24,0x0,0x43,0x0,0x0,0x0,0x0,0x0
2026-05-25T11:19:59.148214+00:00,0x45a,Standard Frame,Data Frame,0x5a,0x4,0x0,0x43,0x0,0xf,0xf,0xf
2026-05-25T11:19:59.980811+00:00,0x4e0,Standard Frame,Data Frame,0x24,0x0,0x43,0x0,0x0,0x0,0x0,0x0
2026-05-25T11:20:00.147899+00:00,0x45a,Standard Frame,Data Frame,0x5a,0x4,0x0,0x43,0x0,0xf,0xf,0xf
2026-05-25T11:20:01.020445+00:00,0x4e0,Standard Frame,Data Frame,0x24,0x0,0x43,0x0,0x0,0x0,0x0,0x0
2026-05-25T11:20:01.147728+00:00,0x45a,Standard Frame,Data Frame,0x5a,0x4,0x0,0x43,0x0,0xf,0xf,0xf
2026-05-25T11:20:02.059939+00:00,0x4e0,Standard Frame,Data Frame,0x24,0x0,0x43,0x0,0x0,0x0,0x0,0x0
2026-05-25T11:20:02.147331+00:00,0x45a,Standard Frame,Data Frame,0x5a,0x4,0x0,0x43,0x0,0xf,0xf,0xf
2026-05-25T11:20:03.099788+00:00,0x4e0,Standard Frame,Data Frame,0x24,0x0,0x43,0x0,0x0,0x0,0x0,0x0
2026-05-25T11:20:03.146617+00:00,0x45a,Standard Frame,Data Frame,0x5a,0x4,0x0,0x43,0x0,0xf,0xf,0xf
2026-05-25T11:20:04.139275+00:00,0x4e0,Standard Frame,Data Frame,0x24,0x0,0x43,0x0,0x0,0x0,0x0,0x0
2026-05-25T11:20:04.146166+00:00,0x45a,Standard Frame,Data Frame,0x5a,0x4,0x0,0x43,0x0,0xf,0xf,0xf
2026-05-25T11:20:05.145904+00:00,0x45a,Standard Frame,Data Frame,0x5a,0x4,0x0,0x43,0x0,0xf,0xf,0xf
2026-05-25T11:20:05.178996+00:00,0x4e0,Standard Frame,Data Frame,0x24,0x0,0x43,0x0,0x0,0x0,0x0,0x0
2026-05-25T11:20:06.145886+00:00,0x45a,Standard Frame,Data Frame,0x5a,0x4,0x0,0x43,0x0,0xf,0xf,0xf
2026-05-25T11:20:06.218892+00:00,0x4e0,Standard Frame,Data Frame,0x24,0x0,0x43,0x0,0x0,0x0,0x0,0x0
2026-05-25T11:20:07.145391+00:00,0x45a,Standard Frame,Data Frame,0x5a,0x4,0x0,0x43,0x0,0xf,0xf,0xf
2026-05-25T11:20:07.257798+00:00,0x4e0,Standard Frame,Data Frame,0x24,0x0,0x43,0x0,0x0,0x0,0x0,0x0
2026-05-25T11:20:08.144889+00:00,0x45a,Standard Frame,Data Frame,0x5a,0x4,0x0,0x43,0x0,0xf,0xf,0xf
2026-05-25T11:20:08.297527+00:00,0x4e0,Standard Frame,Data Frame,0x24,0x0,0x43,0x0,0x0,0x0,0x0,0x0
2026-05-25T11:20:09.144080+00:00,0x45a,Standard Frame,Data Frame,0x5a,0x4,0x0,0x43,0x0,0xf,0xf,0xf
2026-05-25T11:20:09.336982+00:00,0x4e0,Standard Frame,Data Frame,0x24,0x0,0x43,0x0,0x0,0x0,0x0,0x0
2026-05-25T11:20:10.143800+00:00,0x45a,Standard Frame,Data Frame,0x5a,0x4,0x0,0x43,0x0,0xf,0xf,0xf
2026-05-25T11:20:10.376678+00:00,0x4e0,Standard Frame,Data Frame,0x24,0x0,0x43,0x0,0x0,0x0,0x0,0x0
2026-05-25T11:20:11.143503+00:00,0x45a,Standard Frame,Data Frame,0x5a,0x4,0x0,0x43,0x0,0xf,0xf,0xf
2026-05-25T11:20:11.416317+00:00,0x4e0,Standard Frame,Data Frame,0x24,0x0,0x43,0x0,0x0,0x0,0x0,0x0
2026-05-25T11:20:12.143173+00:00,0x45a,Standard Frame,Data Frame,0x5a,0x4,0x0,0x43,0x0,0xf,0xf,0xf
2026-05-25T11:20:12.455789+00:00,0x4e0,Standard Frame,Data Frame,0x24,0x0,0x43,0x0,0x0,0x0,0x0,0x0
2026-05-25T11:20:13.142746+00:00,0x45a,Standard Frame,Data Frame,0x5a,0x4,0x0,0x43,0x0,0xf,0xf,0xf
2026-05-25T11:20:13.495466+00:00,0x4e0,Standard Frame,Data Frame,0x24,0x0,0x43,0x0,0x0,0x0,0x0,0x0
2026-05-25T11:20:14.142245+00:00,0x45a,Standard Frame,Data Frame,0x5a,0x4,0x0,0x43,0x0,0xf,0xf,0xf
2026-05-25T11:20:14.535086+00:00,0x4e0,Standard Frame,Data Frame,0x24,0x0,0x43,0x0,0x0,0x0,0x0,0x0
2026-05-25T11:20:15.141916+00:00,0x45a,Standard Frame,Data Frame,0x5a,0x4,0x0,0x43,0x0,0xf,0xf,0xf
2026-05-25T11:20:15.574661+00:00,0x4e0,Standard Frame,Data Frame,0x24,0x0,0x43,0x0,0x0,0x0,0x0,0x0
2026-05-25T11:20:16.141538+00:00,0x45a,Standard Frame,Data Frame,0x5a,0x4,0x0,0x43,0x0,0xf,0xf,0xf
2026-05-25T11:20:16.614259+00:00,0x4e0,Standard Frame,Data Frame,0x24,0x0,0x43,0x0,0x0,0x0,0x0,0x0
2026-05-25T11:20:17.141180+00:00,0x45a,Standard Frame,Data Frame,0x5a,0x4,0x0,0x43,0x0,0xf,0xf,0xf
2026-05-25T11:20:17.653802+00:00,0x4e0,Standard Frame,Data Frame,0x24,0x0,0x43,0x0,0x0,0x0,0x0,0x0
2026-05-25T11:20:18.140799+00:00,0x45a,Standard Frame,Data Frame,0x5a,0x4,0x0,0x43,0x0,0xf,0xf,0xf
2026-05-25T11:20:18.693578+00:00,0x4e0,Standard Frame,Data Frame,0x24,0x0,0x43,0x0,0x0,0x0,0x0,0x0
2026-05-25T11:20:19.140418+00:00,0x45a,Standard Frame,Data Frame,0x5a,0x4,0x0,0x43,0x0,0xf,0xf,0xf
2026-05-25T11:20:19.733236+00:00,0x4e0,Standard Frame,Data Frame,0x24,0x0,0x43,0x0,0x0,0x0,0x0,0x0
2026-05-25T11:20:20.140273+00:00,0x45a,Standard Frame,Data Frame,0x5a,0x4,0x0,0x43,0x0,0xf,0xf,0xf
2026-05-25T11:20:20.772669+00:00,0x4e0,Standard Frame,Data Frame,0x24,0x0,0x43,0x0,0x0,0x0,0x0,0x0
2026-05-25T11:20:21.139939+00:00,0x45a,Standard Frame,Data Frame,0x5a,0x4,0x0,0x43,0x0,0xf,0xf,0xf
2026-05-25T11:20:21.812874+00:00,0x4e0,Standard Frame,Data Frame,0x24,0x0,0x43,0x0,0x0,0x0,0x0,0x0
2026-05-25T11:20:22.139727+00:00,0x45a,Standard Frame,Data Frame,0x5a,0x4,0x0,0x43,0x0,0xf,0xf,0xf
2026-05-25T11:20:22.851953+00:00,0x4e0,Standard Frame,Data Frame,0x24,0x0,0x43,0x0,0x0,0x0,0x0,0x0
2026-05-25T11:20:23.138889+00:00,0x45a,Standard Frame,Data Frame,0x5a,0x4,0x0,0x43,0x0,0xf,0xf,0xf
2026-05-25T11:20:23.891450+00:00,0x4e0,Standard Frame,Data Frame,0x24,0x0,0x43,0x0,0x0,0x0,0x0,0x0
2026-05-25T11:20:24.138358+00:00,0x45a,Standard Frame,Data Frame,0x5a,0x4,0x0,0x43,0x0,0xf,0xf,0xf
2026-05-25T11:20:24.930959+00:00,0x4e0,Standard Frame,Data Frame,0x24,0x0,0x43,0x0,0x0,0x0,0x0,0x0
2026-05-25T11:20:25.138093+00:00,0x45a,Standard Frame,Data Frame,0x5a,0x4,0x0,0x43,0x0,0xf,0xf,0xf
2026-05-25T11:20:25.970461+00:00,0x4e0,Standard Frame,Data Frame,0x24,0x0,0x43,0x0,0x0,0x0,0x0,0x0
2026-05-25T11:20:26.137628+00:00,0x45a,Standard Frame,Data Frame,0x5a,0x4,0x0,0x43,0x0,0xf,0xf,0xf
2026-05-25T11:20:27.010941+00:00,0x4e0,Standard Frame,Data Frame,0x24,0x0,0x43,0x0,0x0,0x0,0x0,0x0
2026-05-25T11:20:27.137514+00:00,0x45a,Standard Frame,Data Frame,0x5a,0x4,0x0,0x43,0x0,0xf,0xf,0xf
2026-05-25T11:20:28.049754+00:00,0x4e0,Standard Frame,Data Frame,0x24,0x0,0x43,0x0,0x0,0x0,0x0,0x0
2026-05-25T11:20:28.137145+00:00,0x45a,Standard Frame,Data Frame,0x5a,0x4,0x0,0x43,0x0,0xf,0xf,0xf
2026-05-25T11:20:29.089526+00:00,0x4e0,Standard Frame,Data Frame,0x24,0x0,0x43,0x0,0x0,0x0,0x0,0x0
2026-05-25T11:20:29.136756+00:00,0x45a,Standard Frame,Data Frame,0x5a,0x4,0x0,0x43,0x0,0xf,0xf,0xf
2026-05-25T11:20:30.129142+00:00,0x4e0,Standard Frame,Data Frame,0x24,0x0,0x43,0x0,0x0,0x0,0x0,0x0
2026-05-25T11:20:30.136105+00:00,0x45a,Standard Frame,Data Frame,0x5a,0x4,0x0,0x43,0x0,0xf,0xf,0xf
2026-05-25T11:20:31.135997+00:00,0x45a,Standard Frame,Data Frame,0x5a,0x4,0x0,0x43,0x0,0xf,0xf,0xf
2026-05-25T11:20:31.168834+00:00,0x4e0,Standard Frame,Data Frame,0x24,0x0,0x43,0x0,0x0,0x0,0x0,0x0
2026-05-25T11:20:32.135695+00:00,0x45a,Standard Frame,Data Frame,0x5a,0x4,0x0,0x43,0x0,0xf,0xf,0xf
2026-05-25T11:20:32.208798+00:00,0x4e0,Standard Frame,Data Frame,0x24,0x0,0x43,0x0,0x0,0x0,0x0,0x0
2026-05-25T11:20:33.135192+00:00,0x45a,Standard Frame,Data Frame,0x5a,0x4,0x0,0x43,0x0,0xf,0xf,0xf
2026-05-25T11:20:33.248087+00:00,0x4e0,Standard Frame,Data Frame,0x24,0x0,0x43,0x0,0x0,0x0,0x0,0x0
2026-05-25T11:20:34.134859+00:00,0x45a,Standard Frame,Data Frame,0x5a,0x4,0x0,0x43,0x0,0xf,0xf,0xf
2026-05-25T11:20:34.287459+00:00,0x4e0,Standard Frame,Data Frame,0x24,0x0,0x43,0x0,0x0,0x0,0x0,0x0
2026-05-25T11:20:35.134402+00:00,0x45a,Standard Frame,Data Frame,0x5a,0x4,0x0,0x43,0x0,0xf,0xf,0xf
2026-05-25T11:20:35.327371+00:00,0x4e0,Standard Frame,Data Frame,0x24,0x0,0x43,0x0,0x0,0x0,0x0,0x0
2026-05-25T11:20:36.134160+00:00,0x45a,Standard Frame,Data Frame,0x5a,0x4,0x0,0x43,0x0,0xf,0xf,0xf
2026-05-25T11:20:36.366896+00:00,0x4e0,Standard Frame,Data Frame,0x24,0x0,0x43,0x0,0x0,0x0,0x0,0x0
2026-05-25T11:20:37.133998+00:00,0x45a,Standard Frame,Data Frame,0x5a,0x4,0x0,0x43,0x0,0xf,0xf,0xf
2026-05-25T11:20:37.406231+00:00,0x4e0,Standard Frame,Data Frame,0x24,0x0,0x43,0x0,0x0,0x0,0x0,0x0
2026-05-25T11:20:38.132812+00:00,0x45a,Standard Frame,Data Frame,0x5a,0x4,0x0,0x43,0x0,0xf,0xf,0xf
2026-05-25T11:20:38.445990+00:00,0x4e0,Standard Frame,Data Frame,0x24,0x0,0x43,0x0,0x0,0x0,0x0,0x0
2026-05-25T11:20:39.132845+00:00,0x45a,Standard Frame,Data Frame,0x5a,0x4,0x0,0x43,0x0,0xf,0xf,0xf
2026-05-25T11:20:39.485674+00:00,0x4e0,Standard Frame,Data Frame,0x24,0x0,0x43,0x0,0x0,0x0,0x0,0x0
2026-05-25T11:20:40.132852+00:00,0x45a,Standard Frame,Data Frame,0x5a,0x4,0x0,0x43,0x0,0xf,0xf,0xf
2026-05-25T11:20:40.525149+00:00,0x4e0,Standard Frame,Data Frame,0x24,0x0,0x43,0x0,0x0,0x0,0x0,0x0
2026-05-25T11:20:41.132110+00:00,0x45a,Standard Frame,Data Frame,0x5a,0x4,0x0,0x43,0x0,0xf,0xf,0xf
2026-05-25T11:20:41.564841+00:00,0x4e0,Standard Frame,Data Frame,0x24,0x0,0x43,0x0,0x0,0x0,0x0,0x0
2026-05-25T11:20:42.131753+00:00,0x45a,Standard Frame,Data Frame,0x5a,0x4,0x0,0x43,0x0,0xf,0xf,0xf
2026-05-25T11:20:42.604420+00:00,0x4e0,Standard Frame,Data Frame,0x24,0x0,0x43,0x0,0x0,0x0,0x0,0x0
2026-05-25T11:20:43.131200+00:00,0x45a,Standard Frame,Data Frame,0x5a,0x4,0x0,0x43,0x0,0xf,0xf,0xf
2026-05-25T11:20:43.643742+00:00,0x4e0,Standard Frame,Data Frame,0x24,0x0,0x43,0x0,0x0,0x0,0x0,0x0
2026-05-25T11:20:44.131038+00:00,0x45a,Standard Frame,Data Frame,0x5a,0x4,0x0,0x43,0x0,0xf,0xf,0xf
2026-05-25T11:20:44.683989+00:00,0x4e0,Standard Frame,Data Frame,0x24,0x0,0x43,0x0,0x0,0x0,0x0,0x0
2026-05-25T11:20:45.130523+00:00,0x45a,Standard Frame,Data Frame,0x5a,0x4,0x0,0x43,0x0,0xf,0xf,0xf
2026-05-25T11:20:45.723201+00:00,0x4e0,Standard Frame,Data Frame,0x24,0x0,0x43,0x0,0x0,0x0,0x0,0x0
2026-05-25T11:20:46.130265+00:00,0x45a,Standard Frame,Data Frame,0x5a,0x4,0x0,0x43,0x0,0xf,0xf,0xf
2026-05-25T11:20:46.762530+00:00,0x4e0,Standard Frame,Data Frame,0x24,0x0,0x43,0x0,0x0,0x0,0x0,0x0
2026-05-25T11:20:47.129452+00:00,0x45a,Standard Frame,Data Frame,0x5a,0x4,0x0,0x43,0x0,0xf,0xf,0xf
2026-05-25T11:20:47.802230+00:00,0x4e0,Standard Frame,Data Frame,0x24,0x0,0x43,0x0,0x0,0x0,0x0,0x0
2026-05-25T11:20:48.129521+00:00,0x45a,Standard Frame,Data Frame,0x5a,0x4,0x0,0x43,0x0,0xf,0xf,0xf
2026-05-25T11:20:48.841823+00:00,0x4e0,Standard Frame,Data Frame,0x24,0x0,0x43,0x0,0x0,0x0,0x0,0x0
2026-05-25T11:20:49.129058+00:00,0x45a,Standard Frame,Data Frame,0x5a,0x4,0x0,0x43,0x0,0xf,0xf,0xf
2026-05-25T11:20:49.881391+00:00,0x4e0,Standard Frame,Data Frame,0x24,0x0,0x43,0x0,0x0,0x0,0x0,0x0
2026-05-25T11:20:50.128746+00:00,0x45a,Standard Frame,Data Frame,0x5a,0x4,0x0,0x43,0x0,0xf,0xf,0xf
2026-05-25T11:20:50.921089+00:00,0x4e0,Standard Frame,Data Frame,0x24,0x0,0x43,0x0,0x0,0x0,0x0,0x0
2026-05-25T11:20:51.128028+00:00,0x45a,Standard Frame,Data Frame,0x5a,0x4,0x0,0x43,0x0,0xf,0xf,0xf
2026-05-25T11:20:51.960827+00:00,0x4e0,Standard Frame,Data Frame,0x24,0x0,0x43,0x0,0x0,0x0,0x0,0x0
2026-05-25T11:20:52.127618+00:00,0x45a,Standard Frame,Data Frame,0x5a,0x4,0x0,0x43,0x0,0xf,0xf,0xf
2026-05-25T11:20:53.000236+00:00,0x4e0,Standard Frame,Data Frame,0x24,0x0,0x43,0x0,0x0,0x0,0x0,0x0
2026-05-25T11:20:53.127583+00:00,0x45a,Standard Frame,Data Frame,0x5a,0x4,0x0,0x43,0x0,0xf,0xf,0xf
2026-05-25T11:20:54.040265+00:00,0x4e0,Standard Frame,Data Frame,0x24,0x0,0x43,0x0,0x0,0x0,0x0,0x0
2026-05-25T11:20:54.127427+00:00,0x45a,Standard Frame,Data Frame,0x5a,0x4,0x0,0x43,0x0,0xf,0xf,0xf
2026-05-25T11:20:55.079603+00:00,0x4e0,Standard Frame,Data Frame,0x24,0x0,0x43,0x0,0x0,0x0,0x0,0x0
2026-05-25T11:20:55.126862+00:00,0x45a,Standard Frame,Data Frame,0x5a,0x4,0x0,0x43,0x0,0xf,0xf,0xf
2026-05-25T11:20:56.119114+00:00,0x4e0,Standard Frame,Data Frame,0x24,0x0,0x43,0x0,0x0,0x0,0x0,0x0
2026-05-25T11:20:56.126008+00:00,0x45a,Standard Frame,Data Frame,0x5a,0x4,0x0,0x43,0x0,0xf,0xf,0xf
2026-05-25T11:20:57.125916+00:00,0x45a,Standard Frame,Data Frame,0x5a,0x4,0x0,0x43,0x0,0xf,0xf,0xf
2026-05-25T11:20:57.158789+00:00,0x4e0,Standard Frame,Data Frame,0x24,0x0,0x43,0x0,0x0,0x0,0x0,0x0
2026-05-25T11:20:58.125357+00:00,0x45a,Standard Frame,Data Frame,0x5a,0x4,0x0,0x43,0x0,0xf,0xf,0xf
2026-05-25T11:20:58.198231+00:00,0x4e0,Standard Frame,Data Frame,0x24,0x0,0x43,0x0,0x0,0x0,0x0,0x0
2026-05-25T11:20:59.125102+00:00,0x45a,Standard Frame,Data Frame,0x5a,0x4,0x0,0x43,0x0,0xf,0xf,0xf
2026-05-25T11:20:59.237750+00:00,0x4e0,Standard Frame,Data Frame,0x24,0x0,0x43,0x0,0x0,0x0,0x0,0x0
2026-05-25T11:21:00.124573+00:00,0x45a,Standard Frame,Data Frame,0x5a,0x4,0x0,0x43,0x0,0xf,0xf,0xf
2026-05-25T11:21:00.277488+00:00,0x4e0,Standard Frame,Data Frame,0x24,0x0,0x43,0x0,0x0,0x0,0x0,0x0
2026-05-25T11:21:01.123949+00:00,0x45a,Standard Frame,Data Frame,0x5a,0x4,0x0,0x43,0x0,0xf,0xf,0xf
2026-05-25T11:21:01.317075+00:00,0x4e0,Standard Frame,Data Frame,0x24,0x0,0x43,0x0,0x0,0x0,0x0,0x0
2026-05-25T11:21:02.123807+00:00,0x45a,Standard Frame,Data Frame,0x5a,0x4,0x0,0x43,0x0,0xf,0xf,0xf
2026-05-25T11:21:02.356785+00:00,0x4e0,Standard Frame,Data Frame,0x24,0x0,0x43,0x0,0x0,0x0,0x0,0x0
2026-05-25T11:21:03.123685+00:00,0x45a,Standard Frame,Data Frame,0x5a,0x4,0x0,0x43,0x0,0xf,0xf,0xf
2026-05-25T11:21:03.396131+00:00,0x4e0,Standard Frame,Data Frame,0x24,0x0,0x43,0x0,0x0,0x0,0x0,0x0
2026-05-25T11:21:04.123424+00:00,0x45a,Standard Frame,Data Frame,0x5a,0x4,0x0,0x43,0x0,0xf,0xf,0xf
2026-05-25T11:21:04.435963+00:00,0x4e0,Standard Frame,Data Frame,0x24,0x0,0x43,0x0,0x0,0x0,0x0,0x0
2026-05-25T11:21:05.122713+00:00,0x45a,Standard Frame,Data Frame,0x5a,0x4,0x0,0x43,0x0,0xf,0xf,0xf
2026-05-25T11:21:05.475585+00:00,0x4e0,Standard Frame,Data Frame,0x24,0x0,0x43,0x0,0x0,0x0,0x0,0x0
2026-05-25T11:21:06.122432+00:00,0x45a,Standard Frame,Data Frame,0x5a,0x4,0x0,0x43,0x0,0xf,0xf,0xf
2026-05-25T11:21:06.515080+00:00,0x4e0,Standard Frame,Data Frame,0x24,0x0,0x43,0x0,0x0,0x0,0x0,0x0
2026-05-25T11:21:07.122055+00:00,0x45a,Standard Frame,Data Frame,0x5a,0x4,0x0,0x43,0x0,0xf,0xf,0xf
2026-05-25T11:21:07.554691+00:00,0x4e0,Standard Frame,Data Frame,0x24,0x0,0x43,0x0,0x0,0x0,0x0,0x0
2026-05-25T11:21:08.121342+00:00,0x45a,Standard Frame,Data Frame,0x5a,0x4,0x0,0x43,0x0,0xf,0xf,0xf
2026-05-25T11:21:08.593877+00:00,0x4e0,Standard Frame,Data Frame,0x24,0x0,0x43,0x0,0x0,0x0,0x0,0x0
2026-05-25T11:21:09.120958+00:00,0x45a,Standard Frame,Data Frame,0x5a,0x4,0x0,0x43,0x0,0xf,0xf,0xf
2026-05-25T11:21:09.633949+00:00,0x4e0,Standard Frame,Data Frame,0x24,0x0,0x43,0x0,0x0,0x0,0x0,0x0
2026-05-25T11:21:10.120957+00:00,0x45a,Standard Frame,Data Frame,0x5a,0x4,0x0,0x43,0x0,0xf,0xf,0xf
2026-05-25T11:21:10.673455+00:00,0x4e0,Standard Frame,Data Frame,0x24,0x0,0x43,0x0,0x0,0x0,0x0,0x0
2026-05-25T11:21:11.120468+00:00,0x45a,Standard Frame,Data Frame,0x5a,0x4,0x0,0x43,0x0,0xf,0xf,0xf
2026-05-25T11:21:11.713133+00:00,0x4e0,Standard Frame,Data Frame,0x24,0x0,0x43,0x0,0x0,0x0,0x0,0x0
2026-05-25T11:21:12.120127+00:00,0x45a,Standard Frame,Data Frame,0x5a,0x4,0x0,0x43,0x0,0xf,0xf,0xf
2026-05-25T11:21:12.752618+00:00,0x4e0,Standard Frame,Data Frame,0x24,0x0,0x43,0x0,0x0,0x0,0x0,0x0
2026-05-25T11:21:13.120043+00:00,0x45a,Standard Frame,Data Frame,0x5a,0x4,0x0,0x43,0x0,0xf,0xf,0xf
2026-05-25T11:21:13.792255+00:00,0x4e0,Standard Frame,Data Frame,0x24,0x0,0x43,0x0,0x0,0x0,0x0,0x0
2026-05-25T11:21:14.119868+00:00,0x45a,Standard Frame,Data Frame,0x5a,0x4,0x0,0x43,0x0,0xf,0xf,0xf
2026-05-25T11:21:14.831926+00:00,0x4e0,Standard Frame,Data Frame,0x24,0x0,0x43,0x0,0x0,0x0,0x0,0x0
2026-05-25T11:21:15.118728+00:00,0x45a,Standard Frame,Data Frame,0x5a,0x4,0x0,0x43,0x0,0xf,0xf,0xf
2026-05-25T11:21:15.871614+00:00,0x4e0,Standard Frame,Data Frame,0x24,0x0,0x43,0x0,0x0,0x0,0x0,0x0
2026-05-25T11:21:16.118657+00:00,0x45a,Standard Frame,Data Frame,0x5a,0x4,0x0,0x43,0x0,0xf,0xf,0xf
2026-05-25T11:21:16.911178+00:00,0x4e0,Standard Frame,Data Frame,0x24,0x0,0x43,0x0,0x0,0x0,0x0,0x0
2026-05-25T11:21:17.117877+00:00,0x45a,Standard Frame,Data Frame,0x5a,0x4,0x0,0x43,0x0,0xf,0xf,0xf
2026-05-25T11:21:17.950473+00:00,0x4e0,Standard Frame,Data Frame,0x24,0x0,0x43,0x0,0x0,0x0,0x0,0x0
2026-05-25T11:21:18.117754+00:00,0x45a,Standard Frame,Data Frame,0x5a,0x4,0x0,0x43,0x0,0xf,0xf,0xf
2026-05-25T11:21:18.989905+00:00,0x4e0,Standard Frame,Data Frame,0x24,0x0,0x43,0x0,0x0,0x0,0x0,0x0
2026-05-25T11:21:19.117040+00:00,0x45a,Standard Frame,Data Frame,0x5a,0x4,0x0,0x43,0x0,0xf,0xf,0xf
2026-05-25T11:21:20.029860+00:00,0x4e0,Standard Frame,Data Frame,0x24,0x0,0x43,0x0,0x0,0x0,0x0,0x0
2026-05-25T11:21:20.116995+00:00,0x45a,Standard Frame,Data Frame,0x5a,0x4,0x0,0x43,0x0,0xf,0xf,0xf
2026-05-25T11:21:21.069717+00:00,0x4e0,Standard Frame,Data Frame,0x24,0x0,0x43,0x0,0x0,0x0,0x0,0x0
2026-05-25T11:21:21.116595+00:00,0x45a,Standard Frame,Data Frame,0x5a,0x4,0x0,0x43,0x0,0xf,0xf,0xf
2026-05-25T11:21:22.108822+00:00,0x4e0,Standard Frame,Data Frame,0x24,0x0,0x43,0x0,0x0,0x0,0x0,0x0
2026-05-25T11:21:22.115780+00:00,0x45a,Standard Frame,Data Frame,0x5a,0x4,0x0,0x43,0x0,0xf,0xf,0xf
2026-05-25T11:21:23.115814+00:00,0x45a,Standard Frame,Data Frame,0x5a,0x4,0x0,0x43,0x0,0xf,0xf,0xf
2026-05-25T11:21:23.148667+00:00,0x4e0,Standard Frame,Data Frame,0x24,0x0,0x43,0x0,0x0,0x0,0x0,0x0
2026-05-25T11:21:24.115587+00:00,0x45a,Standard Frame,Data Frame,0x5a,0x4,0x0,0x43,0x0,0xf,0xf,0xf
2026-05-25T11:21:24.188367+00:00,0x4e0,Standard Frame,Data Frame,0x24,0x0,0x43,0x0,0x0,0x0,0x0,0x0
2026-05-25T11:21:25.115235+00:00,0x45a,Standard Frame,Data Frame,0x5a,0x4,0x0,0x43,0x0,0xf,0xf,0xf
2026-05-25T11:21:25.227977+00:00,0x4e0,Standard Frame,Data Frame,0x24,0x0,0x43,0x0,0x0,0x0,0x0,0x0
2026-05-25T11:21:26.114327+00:00,0x45a,Standard Frame,Data Frame,0x5a,0x4,0x0,0x43,0x0,0xf,0xf,0xf
2026-05-25T11:21:26.267028+00:00,0x4e0,Standard Frame,Data Frame,0x24,0x0,0x43,0x0,0x0,0x0,0x0,0x0
2026-05-25T11:21:27.114277+00:00,0x45a,Standard Frame,Data Frame,0x5a,0x4,0x0,0x43,0x0,0xf,0xf,0xf
2026-05-25T11:21:27.306972+00:00,0x4e0,Standard Frame,Data Frame,0x24,0x0,0x43,0x0,0x0,0x0,0x0,0x0
2026-05-25T11:21:28.113767+00:00,0x45a,Standard Frame,Data Frame,0x5a,0x4,0x0,0x43,0x0,0xf,0xf,0xf
2026-05-25T11:21:28.346549+00:00,0x4e0,Standard Frame,Data Frame,0x24,0x0,0x43,0x0,0x0,0x0,0x0,0x0
2026-05-25T11:21:29.113507+00:00,0x45a,Standard Frame,Data Frame,0x5a,0x4,0x0,0x43,0x0,0xf,0xf,0xf
2026-05-25T11:21:29.386159+00:00,0x4e0,Standard Frame,Data Frame,0x24,0x0,0x43,0x0,0x0,0x0,0x0,0x0
2026-05-25T11:21:30.112962+00:00,0x45a,Standard Frame,Data Frame,0x5a,0x4,0x0,0x43,0x0,0xf,0xf,0xf
2026-05-25T11:21:30.425810+00:00,0x4e0,Standard Frame,Data Frame,0x24,0x0,0x43,0x0,0x0,0x0,0x0,0x0
2026-05-25T11:21:31.112597+00:00,0x45a,Standard Frame,Data Frame,0x5a,0x4,0x0,0x43,0x0,0xf,0xf,0xf
2026-05-25T11:21:31.465395+00:00,0x4e0,Standard Frame,Data Frame,0x24,0x0,0x43,0x0,0x0,0x0,0x0,0x0
2026-05-25T11:21:32.112150+00:00,0x45a,Standard Frame,Data Frame,0x5a,0x4,0x0,0x43,0x0,0xf,0xf,0xf
2026-05-25T11:21:32.504684+00:00,0x4e0,Standard Frame,Data Frame,0x24,0x0,0x43,0x0,0x0,0x0,0x0,0x0
2026-05-25T11:21:33.112051+00:00,0x45a,Standard Frame,Data Frame,0x5a,0x4,0x0,0x43,0x0,0xf,0xf,0xf
2026-05-25T11:21:33.544690+00:00,0x4e0,Standard Frame,Data Frame,0x24,0x0,0x43,0x0,0x0,0x0,0x0,0x0
2026-05-25T11:21:34.111180+00:00,0x45a,Standard Frame,Data Frame,0x5a,0x4,0x0,0x43,0x0,0xf,0xf,0xf
2026-05-25T11:21:34.584138+00:00,0x4e0,Standard Frame,Data Frame,0x24,0x0,0x43,0x0,0x0,0x0,0x0,0x0
2026-05-25T11:21:35.110954+00:00,0x45a,Standard Frame,Data Frame,0x5a,0x4,0x0,0x43,0x0,0xf,0xf,0xf
2026-05-25T11:21:35.624019+00:00,0x4e0,Standard Frame,Data Frame,0x24,0x0,0x43,0x0,0x0,0x0,0x0,0x0
2026-05-25T11:21:36.110575+00:00,0x45a,Standard Frame,Data Frame,0x5a,0x4,0x0,0x43,0x0,0xf,0xf,0xf
2026-05-25T11:21:36.663471+00:00,0x4e0,Standard Frame,Data Frame,0x24,0x0,0x43,0x0,0x0,0x0,0x0,0x0
2026-05-25T11:21:37.110499+00:00,0x45a,Standard Frame,Data Frame,0x5a,0x4,0x0,0x43,0x0,0xf,0xf,0xf
2026-05-25T11:21:37.702823+00:00,0x4e0,Standard Frame,Data Frame,0x24,0x0,0x43,0x0,0x0,0x0,0x0,0x0
2026-05-25T11:21:38.110155+00:00,0x45a,Standard Frame,Data Frame,0x5a,0x4,0x0,0x43,0x0,0xf,0xf,0xf
2026-05-25T11:21:38.742662+00:00,0x4e0,Standard Frame,Data Frame,0x24,0x0,0x43,0x0,0x0,0x0,0x0,0x0
2026-05-25T11:21:39.109559+00:00,0x45a,Standard Frame,Data Frame,0x5a,0x4,0x0,0x43,0x0,0xf,0xf,0xf
2026-05-25T11:21:39.782065+00:00,0x4e0,Standard Frame,Data Frame,0x24,0x0,0x43,0x0,0x0,0x0,0x0,0x0
2026-05-25T11:21:40.109460+00:00,0x45a,Standard Frame,Data Frame,0x5a,0x4,0x0,0x43,0x0,0xf,0xf,0xf
2026-05-25T11:21:40.821902+00:00,0x4e0,Standard Frame,Data Frame,0x24,0x0,0x43,0x0,0x0,0x0,0x0,0x0
2026-05-25T11:21:41.108948+00:00,0x45a,Standard Frame,Data Frame,0x5a,0x4,0x0,0x43,0x0,0xf,0xf,0xf
2026-05-25T11:21:41.861415+00:00,0x4e0,Standard Frame,Data Frame,0x24,0x0,0x43,0x0,0x0,0x0,0x0,0x0
2026-05-25T11:21:42.108072+00:00,0x45a,Standard Frame,Data Frame,0x5a,0x4,0x0,0x43,0x0,0xf,0xf,0xf
2026-05-25T11:21:42.900872+00:00,0x4e0,Standard Frame,Data Frame,0x24,0x0,0x43,0x0,0x0,0x0,0x0,0x0
2026-05-25T11:21:43.108156+00:00,0x45a,Standard Frame,Data Frame,0x5a,0x4,0x0,0x43,0x0,0xf,0xf,0xf
2026-05-25T11:21:43.940532+00:00,0x4e0,Standard Frame,Data Frame,0x24,0x0,0x43,0x0,0x0,0x0,0x0,0x0
2026-05-25T11:21:44.107590+00:00,0x45a,Standard Frame,Data Frame,0x5a,0x4,0x0,0x43,0x0,0xf,0xf,0xf
2026-05-25T11:21:44.979975+00:00,0x4e0,Standard Frame,Data Frame,0x24,0x0,0x43,0x0,0x0,0x0,0x0,0x0
2026-05-25T11:21:45.106959+00:00,0x45a,Standard Frame,Data Frame,0x5a,0x4,0x0,0x43,0x0,0xf,0xf,0xf
2026-05-25T11:21:46.019752+00:00,0x4e0,Standard Frame,Data Frame,0x24,0x0,0x43,0x0,0x0,0x0,0x0,0x0
2026-05-25T11:21:46.107038+00:00,0x45a,Standard Frame,Data Frame,0x5a,0x4,0x0,0x43,0x0,0xf,0xf,0xf
2026-05-25T11:21:47.059551+00:00,0x4e0,Standard Frame,Data Frame,0x24,0x0,0x43,0x0,0x0,0x0,0x0,0x0
2026-05-25T11:21:47.106348+00:00,0x45a,Standard Frame,Data Frame,0x5a,0x4,0x0,0x43,0x0,0xf,0xf,0xf
2026-05-25T11:21:48.099103+00:00,0x4e0,Standard Frame,Data Frame,0x24,0x0,0x43,0x0,0x0,0x0,0x0,0x0
2026-05-25T11:21:48.105796+00:00,0x45a,Standard Frame,Data Frame,0x5a,0x4,0x0,0x43,0x0,0xf,0xf,0xf
2026-05-25T11:21:49.105657+00:00,0x45a,Standard Frame,Data Frame,0x5a,0x4,0x0,0x43,0x0,0xf,0xf,0xf
2026-05-25T11:21:49.138601+00:00,0x4e0,Standard Frame,Data Frame,0x24,0x0,0x43,0x0,0x0,0x0,0x0,0x0
2026-05-25T11:21:50.105245+00:00,0x45a,Standard Frame,Data Frame,0x5a,0x4,0x0,0x43,0x0,0xf,0xf,0xf
2026-05-25T11:21:50.177909+00:00,0x4e0,Standard Frame,Data Frame,0x24,0x0,0x43,0x0,0x0,0x0,0x0,0x0
2026-05-25T11:21:51.104702+00:00,0x45a,Standard Frame,Data Frame,0x5a,0x4,0x0,0x43,0x0,0xf,0xf,0xf
2026-05-25T11:21:51.217693+00:00,0x4e0,Standard Frame,Data Frame,0x24,0x0,0x43,0x0,0x0,0x0,0x0,0x0
2026-05-25T11:21:52.104608+00:00,0x45a,Standard Frame,Data Frame,0x5a,0x4,0x0,0x43,0x0,0xf,0xf,0xf
2026-05-25T11:21:52.257255+00:00,0x4e0,Standard Frame,Data Frame,0x24,0x0,0x43,0x0,0x0,0x0,0x0,0x0
2026-05-25T11:21:53.103541+00:00,0x45a,Standard Frame,Data Frame,0x5a,0x4,0x0,0x43,0x0,0xf,0xf,0xf
2026-05-25T11:21:53.296527+00:00,0x4e0,Standard Frame,Data Frame,0x24,0x0,0x43,0x0,0x0,0x0,0x0,0x0
2026-05-25T11:21:54.103668+00:00,0x45a,Standard Frame,Data Frame,0x5a,0x4,0x0,0x43,0x0,0xf,0xf,0xf
2026-05-25T11:21:54.336591+00:00,0x4e0,Standard Frame,Data Frame,0x24,0x0,0x43,0x0,0x0,0x0,0x0,0x0
2026-05-25T11:21:55.103175+00:00,0x45a,Standard Frame,Data Frame,0x5a,0x4,0x0,0x43,0x0,0xf,0xf,0xf
2026-05-25T11:21:55.376191+00:00,0x4e0,Standard Frame,Data Frame,0x24,0x0,0x43,0x0,0x0,0x0,0x0,0x0
2026-05-25T11:21:56.102903+00:00,0x45a,Standard Frame,Data Frame,0x5a,0x4,0x0,0x43,0x0,0xf,0xf,0xf
2026-05-25T11:21:56.415808+00:00,0x4e0,Standard Frame,Data Frame,0x24,0x0,0x43,0x0,0x0,0x0,0x0,0x0
2026-05-25T11:21:57.102584+00:00,0x45a,Standard Frame,Data Frame,0x5a,0x4,0x0,0x43,0x0,0xf,0xf,0xf
2026-05-25T11:21:57.455485+00:00,0x4e0,Standard Frame,Data Frame,0x24,0x0,0x43,0x0,0x0,0x0,0x0,0x0
2026-05-25T11:21:58.101943+00:00,0x45a,Standard Frame,Data Frame,0x5a,0x4,0x0,0x43,0x0,0xf,0xf,0xf
2026-05-25T11:21:58.494788+00:00,0x4e0,Standard Frame,Data Frame,0x24,0x0,0x43,0x0,0x0,0x0,0x0,0x0
2026-05-25T11:21:59.101611+00:00,0x45a,Standard Frame,Data Frame,0x5a,0x4,0x0,0x43,0x0,0xf,0xf,0xf
2026-05-25T11:22:00.101376+00:00,0x45a,Standard Frame,Data Frame,0x5a,0x4,0x0,0x43,0x0,0xf,0xf,0xf
2026-05-25T11:22:01.100815+00:00,0x45a,Standard Frame,Data Frame,0x5a,0x4,0x0,0x43,0x0,0xf,0xf,0xf
2026-05-25T11:22:02.100384+00:00,0x45a,Standard Frame,Data Frame,0x5a,0x4,0x0,0x43,0x0,0xf,0xf,0xf
2026-05-25T11:22:03.099919+00:00,0x45a,Standard Frame,Data Frame,0x5a,0x4,0x0,0x43,0x0,0xf,0xf,0xf
2026-05-25T11:22:04.099622+00:00,0x45a,Standard Frame,Data Frame,0x5a,0x4,0x0,0x43,0x0,0xf,0xf,0xf
2026-05-25T11:22:05.099168+00:00,0x45a,Standard Frame,Data Frame,0x5a,0x4,0x0,0x43,0x0,0xf,0xf,0xf
2026-05-25T11:22:06.098734+00:00,0x45a,Standard Frame,Data Frame,0x5a,0x4,0x0,0x43,0x0,0xf,0xf,0xf
2026-05-25T11:22:07.098422+00:00,0x45a,Standard Frame,Data Frame,0x5a,0x4,0x0,0x43,0x0,0xf,0xf,0xf
2026-05-25T11:22:08.098065+00:00,0x45a,Standard Frame,Data Frame,0x5a,0x4,0x0,0x43,0x0,0xf,0xf,0xf
2026-05-25T11:22:09.097688+00:00,0x45a,Standard Frame,Data Frame,0x5a,0x4,0x0,0x43,0x0,0xf,0xf,0xf
2026-05-25T11:22:10.097445+00:00,0x45a,Standard Frame,Data Frame,0x5a,0x4,0x0,0x43,0x0,0xf,0xf,0xf
2026-05-25T11:22:11.096694+00:00,0x45a,Standard Frame,Data Frame,0x5a,0x4,0x0,0x43,0x0,0xf,0xf,0xf
2026-05-25T11:22:12.096628+00:00,0x45a,Standard Frame,Data Frame,0x5a,0x4,0x0,0x43,0x0,0xf,0xf,0xf
2026-05-25T11:22:13.096081+00:00,0x45a,Standard Frame,Data Frame,0x5a,0x14,0x0,0x43,0x0,0xf,0xf,0xf
